day,store,avg_diff,roi
0,Store_A,112.73436094838584,0.11273436094838585
0,Store_B,35.84354210343782,0.03584354210343782
0,Store_C,18.543253692389868,0.018543253692389867
0,Store_D,-25.28569936473328,-0.02528569936473328
0,Store_E,108.47895399915741,0.10847895399915741
1,Store_A,135.71457794607142,0.13571457794607142
1,Store_B,104.89538778598958,0.10489538778598959
1,Store_C,12.110629711053832,0.012110629711053832
1,Store_D,100.06321979334044,0.10006321979334044
1,Store_E,108.44420579758467,0.10844420579758467
2,Store_A,139.01679727732417,0.13901679727732416
2,Store_B,50.97988018603399,0.050979880186033985
2,Store_C,29.46439811617404,0.02946439811617404
2,Store_D,107.84719509693461,0.1078471950969346
2,Store_E,80.70303471368565,0.08070303471368566
3,Store_A,150.88522755700964,0.15088522755700964
3,Store_B,73.19705531869347,0.07319705531869347
3,Store_C,25.24947210202623,0.02524947210202623
3,Store_D,-7.357225513383948,-0.007357225513383948
3,Store_E,90.04284434674624,0.09004284434674624
4,Store_A,134.98360972328595,0.13498360972328596
4,Store_B,124.46032464651913,0.12446032464651913
4,Store_C,-15.784756354540221,-0.01578475635454022
4,Store_D,-59.47676050722357,-0.059476760507223565
4,Store_E,134.8525880468284,0.1348525880468284
5,Store_A,88.25135484311846,0.08825135484311847
5,Store_B,97.89686345028869,0.0978968634502887
5,Store_C,21.191464078466538,0.02119146407846654
5,Store_D,265.2682669611897,0.26526826696118966
5,Store_E,12.204127841196469,0.012204127841196469
6,Store_A,109.81663474422288,0.10981663474422287
6,Store_B,100.46395000780869,0.1004639500078087
6,Store_C,35.45715463960829,0.03545715463960829
6,Store_D,1.4077333739547573,0.0014077333739547573
6,Store_E,63.258156237908345,0.06325815623790834
7,Store_A,97.40393212566012,0.09740393212566012
7,Store_B,92.01454805001715,0.09201454805001716
7,Store_C,23.51913887995801,0.02351913887995801
7,Store_D,149.0858071980973,0.1490858071980973
7,Store_E,37.605784770823796,0.0376057847708238
8,Store_A,146.24515557614316,0.14624515557614315
8,Store_B,32.02357161271711,0.032023571612717114
8,Store_C,45.809827966111634,0.04580982796611163
8,Store_D,56.5899675717852,0.0565899675717852
8,Store_E,107.69667575209756,0.10769667575209756
9,Store_A,163.26215096169952,0.16326215096169952
9,Store_B,90.09867983665902,0.09009867983665902
9,Store_C,20.88402616593967,0.020884026165939668
9,Store_D,-56.295938671301826,-0.05629593867130182
9,Store_E,152.0988529498349,0.1520988529498349
10,Store_A,228.23784409629778,0.22823784409629777
10,Store_B,150.48105718568485,0.15048105718568486
10,Store_C,16.96039028048509,0.01696039028048509
10,Store_D,46.33478578903808,0.04633478578903808
10,Store_E,37.69198632412323,0.037691986324123225
11,Store_A,171.55500884042922,0.17155500884042924
11,Store_B,120.32662899379574,0.12032662899379573
11,Store_C,12.841698149937951,0.012841698149937951
11,Store_D,41.57834790651904,0.04157834790651904
11,Store_E,115.0209931577893,0.11502099315778931
12,Store_A,130.78753022955274,0.13078753022955275
12,Store_B,72.21707265116434,0.07221707265116434
12,Store_C,21.034382937578858,0.02103438293757886
12,Store_D,139.33741356935272,0.13933741356935272
12,Store_E,145.2947823025711,0.1452947823025711
13,Store_A,172.5974210566912,0.17259742105669118
13,Store_B,47.435141970120895,0.04743514197012089
13,Store_C,16.69313122609055,0.01669313122609055
13,Store_D,105.31028191730884,0.10531028191730885
13,Store_E,168.67017832666676,0.16867017832666675
14,Store_A,161.7862085204778,0.1617862085204778
14,Store_B,87.26163979686261,0.0872616397968626
14,Store_C,34.829880391285855,0.03482988039128585
14,Store_D,17.598577487219025,0.017598577487219026
14,Store_E,176.18822688694874,0.17618822688694874
15,Store_A,163.69291678870366,0.16369291678870365
15,Store_B,101.83172523903848,0.10183172523903848
15,Store_C,39.89877159314884,0.039898771593148835
15,Store_D,134.1794383544665,0.1341794383544665
15,Store_E,93.16474930663762,0.09316474930663762
16,Store_A,166.05893502740037,0.16605893502740038
16,Store_B,90.0957122087155,0.0900957122087155
16,Store_C,27.875802373522482,0.027875802373522482
16,Store_D,26.76651326140921,0.02676651326140921
16,Store_E,89.47840119732027,0.08947840119732027
17,Store_A,157.7004820981897,0.1577004820981897
17,Store_B,150.63754321113868,0.15063754321113867
17,Store_C,24.56266847000265,0.024562668470002647
17,Store_D,219.61586619434382,0.2196158661943438
17,Store_E,112.7929612112937,0.1127929612112937
18,Store_A,210.40363138966723,0.21040363138966722
18,Store_B,62.759186122618566,0.06275918612261856
18,Store_C,21.559626699346115,0.021559626699346114
18,Store_D,163.89714455392092,0.16389714455392093
18,Store_E,99.98466632303534,0.09998466632303533
19,Store_A,154.50154832335323,0.15450154832335322
19,Store_B,78.93566036316213,0.07893566036316213
19,Store_C,38.9086399256854,0.0389086399256854
19,Store_D,58.98799871609478,0.05898799871609478
19,Store_E,48.77487079191332,0.048774870791913325
20,Store_A,149.86998070097752,0.1498699807009775
20,Store_B,78.91377129980789,0.0789137712998079
20,Store_C,-9.733364812161975,-0.009733364812161974
20,Store_D,225.84967402032538,0.22584967402032538
20,Store_E,83.667361353222,0.083667361353222
21,Store_A,116.73896896955594,0.11673896896955593
21,Store_B,142.32172875098115,0.14232172875098115
21,Store_C,20.32471994944294,0.02032471994944294
21,Store_D,71.70801848534347,0.07170801848534347
21,Store_E,71.29771096943385,0.07129771096943385
22,Store_A,129.5882457907954,0.12958824579079542
22,Store_B,78.30017005203815,0.07830017005203815
22,Store_C,28.50508524655374,0.02850508524655374
22,Store_D,67.48199061722312,0.06748199061722313
22,Store_E,29.108103722331567,0.029108103722331566
23,Store_A,150.6283241991819,0.1506283241991819
23,Store_B,132.17380736981121,0.1321738073698112
23,Store_C,43.15715252343663,0.04315715252343663
23,Store_D,-124.40609715038384,-0.12440609715038384
23,Store_E,94.05167459334379,0.09405167459334379
24,Store_A,107.96554561013438,0.10796554561013438
24,Store_B,114.2827167526599,0.1142827167526599
24,Store_C,14.808221568915828,0.014808221568915828
24,Store_D,-8.866963112251463,-0.008866963112251464
24,Store_E,78.1678899385095,0.0781678899385095
25,Store_A,90.37685818369731,0.09037685818369731
25,Store_B,138.5915403675467,0.1385915403675467
25,Store_C,30.076286390790145,0.030076286390790144
25,Store_D,5.874350219710868,0.005874350219710868
25,Store_E,162.76446786108949,0.16276446786108947
26,Store_A,130.60836812504465,0.13060836812504464
26,Store_B,48.078210641967615,0.048078210641967614
26,Store_C,38.003578870339695,0.03800357887033969
26,Store_D,107.81516690966092,0.10781516690966092
26,Store_E,51.38064752820936,0.05138064752820936
27,Store_A,172.61444250752479,0.17261444250752478
27,Store_B,133.00764991562957,0.13300764991562958
27,Store_C,16.424977384993635,0.016424977384993635
27,Store_D,179.38094162357368,0.17938094162357368
27,Store_E,101.1679951534521,0.1011679951534521
28,Store_A,173.9765299765337,0.1739765299765337
28,Store_B,64.05726601363712,0.06405726601363712
28,Store_C,73.21011247097934,0.07321011247097935
28,Store_D,-30.50264356807801,-0.03050264356807801
28,Store_E,111.90324677522099,0.111903246775221
29,Store_A,191.98252594391886,0.19198252594391885
29,Store_B,121.32643182068648,0.12132643182068648
29,Store_C,59.67975803801698,0.05967975803801698
29,Store_D,87.28436210568861,0.08728436210568861
29,Store_E,93.20974672554999,0.09320974672554999
30,Store_A,179.14076972939813,0.17914076972939813
30,Store_B,134.78240737409746,0.13478240737409747
30,Store_C,27.232185697743652,0.027232185697743654
30,Store_D,-31.891073100064908,-0.03189107310006491
30,Store_E,90.0407998448294,0.09004079984482939
31,Store_A,276.93783661147484,0.27693783661147486
31,Store_B,92.06304948052947,0.09206304948052947
31,Store_C,34.226124149185274,0.03422612414918527
31,Store_D,-56.447428106521805,-0.056447428106521806
31,Store_E,111.90876641302906,0.11190876641302906
32,Store_A,143.15750920957228,0.1431575092095723
32,Store_B,130.2940776117426,0.1302940776117426
32,Store_C,14.90513994660917,0.014905139946609169
32,Store_D,16.50380457654859,0.01650380457654859
32,Store_E,97.39174383008321,0.09739174383008321
33,Store_A,233.31130249810278,0.23331130249810278
33,Store_B,86.81649658772406,0.08681649658772406
33,Store_C,33.42066080361213,0.033420660803612126
33,Store_D,49.78901791951678,0.04978901791951678
33,Store_E,112.3344446287455,0.1123344446287455
34,Store_A,129.15380453556668,0.12915380453556669
34,Store_B,77.14955085363647,0.07714955085363646
34,Store_C,53.06309245531754,0.05306309245531754
34,Store_D,146.87545924943163,0.14687545924943163
34,Store_E,147.82998804324305,0.14782998804324304
35,Store_A,243.18871325521562,0.24318871325521563
35,Store_B,74.60138342312447,0.07460138342312447
35,Store_C,66.53244985865005,0.06653244985865005
35,Store_D,31.573443502154642,0.031573443502154644
35,Store_E,118.07425856100589,0.1180742585610059
36,Store_A,162.48518307667155,0.16248518307667154
36,Store_B,85.39526461764282,0.08539526461764282
36,Store_C,37.50275009365097,0.03750275009365096
36,Store_D,83.78839587538224,0.08378839587538224
36,Store_E,115.12063220761331,0.11512063220761332
37,Store_A,175.51238652516975,0.17551238652516973
37,Store_B,61.411751752709336,0.06141175175270933
37,Store_C,39.02126294848739,0.03902126294848739
37,Store_D,138.00224076881693,0.13800224076881693
37,Store_E,111.91216072000405,0.11191216072000405
38,Store_A,69.192463126492,0.06919246312649201
38,Store_B,145.28850480102102,0.145288504801021
38,Store_C,18.077092356963874,0.018077092356963875
38,Store_D,220.0309398969226,0.2200309398969226
38,Store_E,84.327871165469,0.08432787116546901
39,Store_A,231.07914194598317,0.23107914194598317
39,Store_B,123.37845851928029,0.12337845851928028
39,Store_C,11.70458764136913,0.01170458764136913
39,Store_D,57.285431702090925,0.057285431702090925
39,Store_E,150.369677180817,0.150369677180817
40,Store_A,176.27807799268328,0.17627807799268327
40,Store_B,105.38865884668935,0.10538865884668935
40,Store_C,33.401099601839384,0.03340109960183939
40,Store_D,143.974995327732,0.143974995327732
40,Store_E,132.98281951009164,0.13298281951009164
41,Store_A,204.39081682057244,0.20439081682057245
41,Store_B,118.96058011198485,0.11896058011198485
41,Store_C,22.933827236175116,0.022933827236175115
41,Store_D,-53.24022808394459,-0.05324022808394459
41,Store_E,111.27272209430726,0.11127272209430726
42,Store_A,154.8621227793551,0.1548621227793551
42,Store_B,98.349689408191,0.098349689408191
42,Store_C,23.602832291647744,0.023602832291647745
42,Store_D,175.05205170171817,0.17505205170171817
42,Store_E,138.14302880743966,0.13814302880743967
43,Store_A,123.32170913158949,0.12332170913158949
43,Store_B,109.2262008981377,0.1092262008981377
43,Store_C,28.085713656101838,0.028085713656101838
43,Store_D,102.4800268697345,0.10248002686973451
43,Store_E,91.41710439369994,0.09141710439369995
44,Store_A,198.1774482273581,0.1981774482273581
44,Store_B,126.23955627587854,0.12623955627587854
44,Store_C,8.858495298517989,0.008858495298517989
44,Store_D,18.781992550991312,0.018781992550991312
44,Store_E,118.91927137724404,0.11891927137724405
45,Store_A,164.26067438117283,0.16426067438117284
45,Store_B,126.97324812755079,0.1269732481275508
45,Store_C,27.66056065169977,0.02766056065169977
45,Store_D,111.58277189650434,0.11158277189650434
45,Store_E,119.97030725036349,0.11997030725036349
46,Store_A,137.5946610734257,0.1375946610734257
46,Store_B,73.99490775450629,0.07399490775450629
46,Store_C,32.05682786494064,0.032056827864940636
46,Store_D,94.92702626506919,0.09492702626506919
46,Store_E,64.13036400523012,0.06413036400523012
47,Store_A,161.25716556388087,0.16125716556388087
47,Store_B,129.77583933044363,0.12977583933044362
47,Store_C,60.30045243300554,0.06030045243300554
47,Store_D,96.68714351282051,0.09668714351282051
47,Store_E,150.42899617029587,0.15042899617029587
48,Store_A,240.7753727849727,0.24077537278497269
48,Store_B,69.87770747678364,0.06987770747678364
48,Store_C,41.52799820678049,0.041527998206780485
48,Store_D,209.1703151919888,0.2091703151919888
48,Store_E,148.83422185246584,0.14883422185246584
49,Store_A,169.9490305586282,0.1699490305586282
49,Store_B,76.45723524010205,0.07645723524010205
49,Store_C,15.39440810862881,0.015394408108628809
49,Store_D,108.30948624331158,0.10830948624331158
49,Store_E,80.34480090166764,0.08034480090166764
50,Store_A,202.67678797497172,0.2026767879749717
50,Store_B,82.74659178560162,0.08274659178560162
50,Store_C,40.22889173797018,0.04022889173797018
50,Store_D,41.51261637903768,0.04151261637903768
50,Store_E,212.2774346060042,0.21227743460600418
51,Store_A,165.01201543703115,0.16501201543703115
51,Store_B,75.73030819981766,0.07573030819981766
51,Store_C,28.525522600603157,0.02852552260060316
51,Store_D,120.94513930749513,0.12094513930749512
51,Store_E,42.29208328667266,0.04229208328667266
52,Store_A,220.31056696509097,0.22031056696509096
52,Store_B,104.43345732337399,0.10443345732337399
52,Store_C,2.9378610939431797,0.0029378610939431796
52,Store_D,42.821688823445506,0.0428216888234455
52,Store_E,161.88083112505296,0.16188083112505297
53,Store_A,163.41026318994003,0.16341026318994004
53,Store_B,104.04794852799733,0.10404794852799734
53,Store_C,3.928444457433851,0.003928444457433851
53,Store_D,138.035479058491,0.138035479058491
53,Store_E,11.12353151680709,0.01112353151680709
54,Store_A,108.8450197382936,0.10884501973829361
54,Store_B,87.68140142781763,0.08768140142781763
54,Store_C,63.190224486898344,0.06319022448689834
54,Store_D,199.21198282127912,0.1992119828212791
54,Store_E,146.93926777800343,0.14693926777800342
55,Store_A,110.74672981460203,0.11074672981460204
55,Store_B,67.42524506751123,0.06742524506751123
55,Store_C,80.70737481511873,0.08070737481511872
55,Store_D,41.822017103458926,0.041822017103458925
55,Store_E,65.58316825455468,0.06558316825455468
56,Store_A,177.7217064961619,0.1777217064961619
56,Store_B,72.19769434344434,0.07219769434344434
56,Store_C,36.128533800794976,0.036128533800794976
56,Store_D,-26.828818771548676,-0.026828818771548676
56,Store_E,101.2722971891915,0.1012722971891915
57,Store_A,128.01069657146724,0.12801069657146724
57,Store_B,45.27584507166435,0.04527584507166435
57,Store_C,-1.941094123454494,-0.001941094123454494
57,Store_D,-50.23674206711612,-0.05023674206711612
57,Store_E,53.87561039169576,0.05387561039169576
58,Store_A,118.34989887550928,0.11834989887550929
58,Store_B,26.187418441489,0.026187418441489002
58,Store_C,3.9501009288573643,0.003950100928857364
58,Store_D,96.33552050256063,0.09633552050256063
58,Store_E,94.18653735471096,0.09418653735471097
59,Store_A,260.9216798994294,0.26092167989942944
59,Store_B,39.22952751802308,0.03922952751802308
59,Store_C,77.91923409324802,0.07791923409324802
59,Store_D,75.66540135777272,0.07566540135777272
59,Store_E,117.97976391945967,0.11797976391945968
60,Store_A,200.3168380117041,0.2003168380117041
60,Store_B,50.2358103457771,0.05023581034577709
60,Store_C,32.50238568964837,0.03250238568964837
60,Store_D,-75.60154259738142,-0.07560154259738143
60,Store_E,100.94118197458654,0.10094118197458654
61,Store_A,146.50719077522848,0.14650719077522847
61,Store_B,70.25315577341915,0.07025315577341915
61,Store_C,58.38707438384661,0.05838707438384661
61,Store_D,135.4994576069551,0.13549945760695511
61,Store_E,119.48650261348254,0.11948650261348254
62,Store_A,179.1261213044859,0.1791261213044859
62,Store_B,71.17165760656749,0.07117165760656749
62,Store_C,58.083531350039785,0.05808353135003978
62,Store_D,159.93649608621658,0.15993649608621657
62,Store_E,40.032915392323716,0.04003291539232372
63,Store_A,218.5065445980812,0.2185065445980812
63,Store_B,76.1543982237784,0.0761543982237784
63,Store_C,64.21627987731227,0.06421627987731228
63,Store_D,100.65117477607578,0.10065117477607578
63,Store_E,128.48490594237884,0.12848490594237885
64,Store_A,188.9533761170592,0.1889533761170592
64,Store_B,125.34085186241964,0.12534085186241964
64,Store_C,34.20198687524934,0.03420198687524934
64,Store_D,106.42452002195965,0.10642452002195965
64,Store_E,47.207486861193495,0.04720748686119349
65,Store_A,175.3219259096783,0.1753219259096783
65,Store_B,89.18672088751907,0.08918672088751907
65,Store_C,58.905084347763314,0.058905084347763315
65,Store_D,129.7036179327503,0.1297036179327503
65,Store_E,103.71793197234122,0.10371793197234122
66,Store_A,113.84201440864585,0.11384201440864586
66,Store_B,99.471815472973,0.099471815472973
66,Store_C,28.31500988473791,0.02831500988473791
66,Store_D,124.22650227925769,0.12422650227925769
66,Store_E,171.68328901310244,0.17168328901310242
67,Store_A,227.14069992882372,0.2271406999288237
67,Store_B,203.67386349600432,0.2036738634960043
67,Store_C,28.419744027288285,0.028419744027288286
67,Store_D,95.292750795211,0.095292750795211
67,Store_E,119.4168241794232,0.1194168241794232
68,Store_A,213.97012103770717,0.21397012103770718
68,Store_B,106.07428713695626,0.10607428713695626
68,Store_C,28.405482479648867,0.02840548247964887
68,Store_D,55.03373415564589,0.055033734155645886
68,Store_E,36.67237314910367,0.03667237314910367
69,Store_A,195.31694138349098,0.19531694138349098
69,Store_B,71.19895173335587,0.07119895173335587
69,Store_C,13.49706965967613,0.01349706965967613
69,Store_D,34.446086972055866,0.03444608697205587
69,Store_E,44.28298488648041,0.044282984886480414
70,Store_A,153.12638430101472,0.15312638430101472
70,Store_B,68.29284438810029,0.0682928443881003
70,Store_C,79.34056028551527,0.07934056028551527
70,Store_D,220.45327087789366,0.22045327087789365
70,Store_E,134.2676193704414,0.1342676193704414
71,Store_A,157.53105224492947,0.15753105224492947
71,Store_B,125.12875972654797,0.12512875972654797
71,Store_C,51.92113429486668,0.05192113429486668
71,Store_D,189.9511865641044,0.1899511865641044
71,Store_E,142.1165223698621,0.1421165223698621
72,Store_A,148.2603138684952,0.1482603138684952
72,Store_B,105.69572923353375,0.10569572923353375
72,Store_C,24.75547996071735,0.02475547996071735
72,Store_D,86.72783305251203,0.08672783305251203
72,Store_E,146.38893213036644,0.14638893213036644
73,Store_A,147.6968819062828,0.1476968819062828
73,Store_B,150.0952447131388,0.15009524471313881
73,Store_C,39.68527542961777,0.03968527542961777
73,Store_D,227.84123986244265,0.22784123986244265
73,Store_E,72.17626552827498,0.07217626552827498
74,Store_A,217.4540314180171,0.2174540314180171
74,Store_B,180.91512004583277,0.18091512004583277
74,Store_C,41.743219265049355,0.041743219265049356
74,Store_D,193.20159319018404,0.19320159319018404
74,Store_E,47.95468514053736,0.047954685140537356
75,Store_A,238.6812826082505,0.2386812826082505
75,Store_B,40.961530788720964,0.040961530788720966
75,Store_C,62.11687637038032,0.06211687637038032
75,Store_D,158.18865189048617,0.15818865189048617
75,Store_E,131.34463330704327,0.13134463330704327
76,Store_A,204.96987491029066,0.20496987491029064
76,Store_B,79.52341932283142,0.07952341932283141
76,Store_C,30.72483588204953,0.03072483588204953
76,Store_D,103.20540287297649,0.1032054028729765
76,Store_E,152.56597434517735,0.15256597434517735
77,Store_A,182.20341202156817,0.18220341202156817
77,Store_B,138.2365643594036,0.1382365643594036
77,Store_C,11.692962107289745,0.011692962107289744
77,Store_D,-128.57996566671162,-0.12857996566671162
77,Store_E,33.567237812049775,0.033567237812049774
78,Store_A,103.237482020587,0.103237482020587
78,Store_B,130.1447633518875,0.1301447633518875
78,Store_C,43.462384110812756,0.043462384110812755
78,Store_D,44.53829083493828,0.04453829083493828
78,Store_E,91.16101048890991,0.09116101048890991
79,Store_A,263.6098337692738,0.26360983376927377
79,Store_B,141.44193463380688,0.1414419346338069
79,Store_C,33.41665774064258,0.03341665774064258
79,Store_D,45.38575562492436,0.045385755624924355
79,Store_E,32.041441019157915,0.032041441019157915
80,Store_A,141.4301905996745,0.1414301905996745
80,Store_B,118.80740566218444,0.11880740566218444
80,Store_C,49.27011792945841,0.04927011792945841
80,Store_D,226.39797132026789,0.2263979713202679
80,Store_E,86.6968787184814,0.0866968787184814
81,Store_A,224.35580341367438,0.2243558034136744
81,Store_B,55.270778406403394,0.0552707784064034
81,Store_C,32.89929675769235,0.03289929675769235
81,Store_D,117.51379800879411,0.11751379800879411
81,Store_E,113.32038291878203,0.11332038291878203
82,Store_A,203.6461293576589,0.2036461293576589
82,Store_B,90.7197932697145,0.0907197932697145
82,Store_C,88.17551169308844,0.08817551169308843
82,Store_D,36.554235165449256,0.036554235165449256
82,Store_E,96.84336514787474,0.09684336514787474
83,Store_A,226.35891139438897,0.22635891139438896
83,Store_B,95.2148420323145,0.09521484203231449
83,Store_C,50.627193106432806,0.05062719310643281
83,Store_D,139.4812378373347,0.1394812378373347
83,Store_E,68.34765771773709,0.0683476577177371
84,Store_A,146.40135685585187,0.14640135685585187
84,Store_B,70.92589363675889,0.07092589363675889
84,Store_C,57.63707829473678,0.05763707829473678
84,Store_D,102.27372845620114,0.10227372845620114
84,Store_E,55.36064742492432,0.055360647424924324
85,Store_A,191.31913454228817,0.19131913454228816
85,Store_B,77.1033064427297,0.0771033064427297
85,Store_C,9.626739070866492,0.009626739070866492
85,Store_D,22.904356114147685,0.022904356114147685
85,Store_E,117.67199010670682,0.11767199010670681
86,Store_A,137.3379631036844,0.1373379631036844
86,Store_B,88.89750924585236,0.08889750924585237
86,Store_C,22.313120199403055,0.022313120199403055
86,Store_D,-4.582300317125851,-0.004582300317125851
86,Store_E,116.14461036386196,0.11614461036386196
87,Store_A,202.81454885537588,0.20281454885537586
87,Store_B,68.46082511196114,0.06846082511196114
87,Store_C,63.74709999201525,0.06374709999201525
87,Store_D,60.813258452681154,0.06081325845268115
87,Store_E,69.51969336096911,0.06951969336096911
88,Store_A,69.25015632585618,0.06925015632585618
88,Store_B,59.920518581430564,0.05992051858143056
88,Store_C,32.73831890751474,0.03273831890751474
88,Store_D,98.13319951347336,0.09813319951347335
88,Store_E,120.05480819210062,0.12005480819210063
89,Store_A,189.466530173595,0.189466530173595
89,Store_B,58.2240254099333,0.058224025409933294
89,Store_C,31.42076998456348,0.03142076998456348
89,Store_D,134.140730432727,0.134140730432727
89,Store_E,115.51106801797815,0.11551106801797814
90,Store_A,193.77672846837592,0.19377672846837593
90,Store_B,34.90600097765166,0.03490600097765166
90,Store_C,29.46530551191196,0.02946530551191196
90,Store_D,182.831665403048,0.182831665403048
90,Store_E,69.943510121654,0.069943510121654
91,Store_A,166.30970934871155,0.16630970934871156
91,Store_B,139.9104266637718,0.1399104266637718
91,Store_C,50.11601486733544,0.05011601486733544
91,Store_D,-0.5778685779111864,-0.0005778685779111864
91,Store_E,92.88157509534655,0.09288157509534654
92,Store_A,243.79727696686552,0.2437972769668655
92,Store_B,109.80172356815521,0.10980172356815521
92,Store_C,36.909397386771595,0.0369093973867716
92,Store_D,115.91347324948606,0.11591347324948606
92,Store_E,73.72203852854679,0.0737220385285468
93,Store_A,138.6714482765246,0.13867144827652458
93,Store_B,115.62978938322723,0.11562978938322724
93,Store_C,42.2898516373371,0.0422898516373371
93,Store_D,139.63727980639828,0.13963727980639828
93,Store_E,108.54084952502276,0.10854084952502277
94,Store_A,118.6352821658059,0.1186352821658059
94,Store_B,109.81889898394853,0.10981889898394853
94,Store_C,26.813520513662244,0.026813520513662245
94,Store_D,-57.74009194708718,-0.05774009194708718
94,Store_E,44.95865910423111,0.04495865910423111
95,Store_A,204.8325001939244,0.2048325001939244
95,Store_B,129.84138014063075,0.12984138014063074
95,Store_C,37.13414693960635,0.03713414693960635
95,Store_D,-83.1135811680141,-0.0831135811680141
95,Store_E,96.66735213015399,0.09666735213015398
96,Store_A,199.83181139415484,0.19983181139415485
96,Store_B,97.31548618458508,0.09731548618458509
96,Store_C,24.853824928435408,0.02485382492843541
96,Store_D,-142.5597973689584,-0.1425597973689584
96,Store_E,113.91587151743316,0.11391587151743315
97,Store_A,124.69150007620203,0.12469150007620203
97,Store_B,105.46776367527177,0.10546776367527178
97,Store_C,48.641826598129825,0.04864182659812982
97,Store_D,-59.15636949787431,-0.05915636949787431
97,Store_E,123.49293405732186,0.12349293405732187
98,Store_A,158.2352538869321,0.1582352538869321
98,Store_B,98.85565112038641,0.09885565112038641
98,Store_C,29.764532089897656,0.029764532089897655
98,Store_D,85.20428709463448,0.08520428709463448
98,Store_E,129.41757439809805,0.12941757439809806
99,Store_A,121.0210521309998,0.12102105213099981
99,Store_B,89.08595708760116,0.08908595708760116
99,Store_C,26.628557678770296,0.026628557678770298
99,Store_D,26.270146244754052,0.02627014624475405
99,Store_E,32.8134146422137,0.0328134146422137
100,Store_A,157.23479375890815,0.15723479375890814
100,Store_B,96.42200673423686,0.09642200673423686
100,Store_C,24.352139789455094,0.024352139789455093
100,Store_D,40.24620471279449,0.040246204712794484
100,Store_E,87.6139578156643,0.0876139578156643
101,Store_A,137.1206659067271,0.1371206659067271
101,Store_B,92.97637606339579,0.09297637606339579
101,Store_C,25.661814746822234,0.025661814746822234
101,Store_D,9.084390583662943,0.009084390583662942
101,Store_E,63.802109846131955,0.06380210984613195
102,Store_A,142.6543031015218,0.1426543031015218
102,Store_B,108.80591425411768,0.10880591425411767
102,Store_C,35.5084999404789,0.0355084999404789
102,Store_D,-18.17886106941509,-0.01817886106941509
102,Store_E,87.28756391155045,0.08728756391155044
103,Store_A,147.38845273992052,0.14738845273992052
103,Store_B,118.57260020446921,0.1185726002044692
103,Store_C,30.5211177715033,0.0305211177715033
103,Store_D,57.35685754992061,0.05735685754992061
103,Store_E,82.61318265766946,0.08261318265766945
104,Store_A,236.81518377459588,0.23681518377459587
104,Store_B,46.9554676837074,0.0469554676837074
104,Store_C,7.060562058000472,0.007060562058000472
104,Store_D,319.88235893668184,0.3198823589366818
104,Store_E,96.95063909800254,0.09695063909800254
105,Store_A,226.62758120924724,0.22662758120924723
105,Store_B,75.8232578744171,0.0758232578744171
105,Store_C,65.03617278334988,0.06503617278334989
105,Store_D,103.81713388780875,0.10381713388780875
105,Store_E,89.45205074460733,0.08945205074460734
106,Store_A,204.365814833761,0.20436581483376098
106,Store_B,58.69760094543683,0.058697600945436836
106,Store_C,46.79240161265409,0.04679240161265409
106,Store_D,-71.17499569192688,-0.07117499569192688
106,Store_E,126.98459464577527,0.12698459464577527
107,Store_A,126.59525963170142,0.12659525963170143
107,Store_B,130.77910191268268,0.1307791019126827
107,Store_C,46.36780077709879,0.046367800777098796
107,Store_D,0.29332120023829733,0.00029332120023829733
107,Store_E,125.75884121184284,0.12575884121184283
108,Store_A,172.81132397119296,0.17281132397119298
108,Store_B,112.27110285460118,0.11227110285460118
108,Store_C,71.7003328171131,0.07170033281711309
108,Store_D,11.219025228131855,0.011219025228131854
108,Store_E,133.69456796026594,0.13369456796026594
109,Store_A,182.36370394651846,0.18236370394651846
109,Store_B,48.910792521891025,0.048910792521891025
109,Store_C,54.892547232372415,0.05489254723237241
109,Store_D,-66.08331630908381,-0.06608331630908382
109,Store_E,79.96109315030262,0.07996109315030261
110,Store_A,227.45536186821596,0.22745536186821597
110,Store_B,65.51384482799416,0.06551384482799416
110,Store_C,1.9032884235402683,0.0019032884235402683
110,Store_D,-25.41949421721569,-0.02541949421721569
110,Store_E,131.4073312818427,0.13140733128184268
111,Store_A,176.19120664066193,0.17619120664066193
111,Store_B,75.13226657009393,0.07513226657009393
111,Store_C,6.2972569432673815,0.006297256943267382
111,Store_D,51.21838545414424,0.05121838545414424
111,Store_E,77.22424305496862,0.07722424305496862
112,Store_A,79.46841019503157,0.07946841019503156
112,Store_B,89.792892910673,0.08979289291067301
112,Store_C,34.805223318621344,0.03480522331862134
112,Store_D,62.84113392592602,0.06284113392592602
112,Store_E,156.5454716099773,0.1565454716099773
113,Store_A,137.79974335336442,0.13779974335336442
113,Store_B,83.12821078259778,0.08312821078259777
113,Store_C,69.72717874099695,0.06972717874099695
113,Store_D,230.19243696347112,0.23019243696347114
113,Store_E,59.31892111529187,0.05931892111529187
114,Store_A,195.022380268386,0.195022380268386
114,Store_B,83.3899507336913,0.08338995073369129
114,Store_C,61.02261190459872,0.06102261190459872
114,Store_D,75.3428715978088,0.0753428715978088
114,Store_E,81.68116768619363,0.08168116768619363
115,Store_A,110.48119240653972,0.11048119240653972
115,Store_B,139.000016005392,0.13900001600539202
115,Store_C,43.19230787971976,0.04319230787971976
115,Store_D,104.4454050680232,0.1044454050680232
115,Store_E,122.11677295154546,0.12211677295154545
116,Store_A,79.09656680687398,0.07909656680687398
116,Store_B,99.54188657030886,0.09954188657030887
116,Store_C,40.562211216348985,0.04056221121634898
116,Store_D,177.70190880180715,0.17770190880180714
116,Store_E,116.86709031909405,0.11686709031909405
117,Store_A,196.82064254138038,0.19682064254138038
117,Store_B,90.55733839329984,0.09055733839329984
117,Store_C,39.92640398481417,0.039926403984814174
117,Store_D,-76.6572581286518,-0.0766572581286518
117,Store_E,88.27770692024303,0.08827770692024303
118,Store_A,127.25116466938849,0.1272511646693885
118,Store_B,90.10800390765803,0.09010800390765802
118,Store_C,29.41932752099946,0.02941932752099946
118,Store_D,33.84674043603124,0.03384674043603124
118,Store_E,68.1107304692461,0.06811073046924611
119,Store_A,167.08892729320112,0.16708892729320113
119,Store_B,85.50086480956507,0.08550086480956508
119,Store_C,40.572541399062516,0.040572541399062516
119,Store_D,201.50729752366863,0.20150729752366864
119,Store_E,56.93856662378147,0.05693856662378147
120,Store_A,86.53875894490443,0.08653875894490443
120,Store_B,145.85681290097418,0.1458568129009742
120,Store_C,28.044895009844204,0.028044895009844206
120,Store_D,111.60248873219072,0.11160248873219072
120,Store_E,105.4607429452309,0.1054607429452309
121,Store_A,216.66373955077978,0.21666373955077978
121,Store_B,154.70507409419827,0.15470507409419826
121,Store_C,23.751386850196845,0.023751386850196846
121,Store_D,49.93779122165115,0.04993779122165115
121,Store_E,89.25544133516647,0.08925544133516647
122,Store_A,196.48059910426653,0.19648059910426652
122,Store_B,95.06982316351603,0.09506982316351603
122,Store_C,51.214625385377026,0.05121462538537703
122,Store_D,214.842062830822,0.214842062830822
122,Store_E,28.82542680102875,0.02882542680102875
123,Store_A,135.97335554934224,0.13597335554934226
123,Store_B,68.68696435758677,0.06868696435758677
123,Store_C,42.3105570637208,0.0423105570637208
123,Store_D,212.04349988634576,0.21204349988634574
123,Store_E,74.58918811848265,0.07458918811848265
124,Store_A,140.98096055586038,0.14098096055586037
124,Store_B,88.24102341463013,0.08824102341463014
124,Store_C,48.28857009187172,0.04828857009187172
124,Store_D,35.141653187602564,0.03514165318760257
124,Store_E,45.04705687653689,0.045047056876536894
125,Store_A,234.67370915978077,0.23467370915978078
125,Store_B,122.82609851201607,0.12282609851201608
125,Store_C,24.77664222153014,0.02477664222153014
125,Store_D,15.853727258877154,0.015853727258877154
125,Store_E,75.06559756708914,0.07506559756708914
126,Store_A,119.1570253547031,0.1191570253547031
126,Store_B,107.70147193315314,0.10770147193315315
126,Store_C,65.36427417319385,0.06536427417319385
126,Store_D,236.7631807209975,0.2367631807209975
126,Store_E,19.744692695315617,0.01974469269531562
127,Store_A,239.45872546372064,0.23945872546372063
127,Store_B,109.802009854855,0.109802009854855
127,Store_C,45.833067702879056,0.04583306770287906
127,Store_D,214.49989884278926,0.21449989884278928
127,Store_E,193.1549580873183,0.1931549580873183
128,Store_A,213.61846789375883,0.21361846789375882
128,Store_B,93.03384960310207,0.09303384960310207
128,Store_C,52.948952101674074,0.05294895210167407
128,Store_D,-16.16304208654727,-0.016163042086547272
128,Store_E,116.87291381258565,0.11687291381258565
129,Store_A,148.66028577786093,0.14866028577786095
129,Store_B,101.02271688265131,0.10102271688265131
129,Store_C,37.21192408841056,0.037211924088410564
129,Store_D,38.958805665522846,0.038958805665522844
129,Store_E,44.9103764698067,0.0449103764698067
130,Store_A,142.03431936348295,0.14203431936348296
130,Store_B,80.3751489944216,0.0803751489944216
130,Store_C,17.635177628573103,0.017635177628573105
130,Store_D,133.27267984500762,0.13327267984500762
130,Store_E,160.81508882134239,0.16081508882134238
131,Store_A,191.33041874547123,0.19133041874547124
131,Store_B,74.26751356020789,0.07426751356020789
131,Store_C,29.15806403507148,0.029158064035071478
131,Store_D,-6.806264417356974,-0.006806264417356975
131,Store_E,56.048418303522546,0.05604841830352254
132,Store_A,95.2926204185859,0.0952926204185859
132,Store_B,55.95920523700858,0.055959205237008584
132,Store_C,17.104082223652103,0.017104082223652103
132,Store_D,25.502341499944002,0.025502341499944
132,Store_E,105.91848361405663,0.10591848361405663
133,Store_A,138.84841324925844,0.13884841324925845
133,Store_B,91.69010783043609,0.09169010783043609
133,Store_C,46.19701519021241,0.04619701519021241
133,Store_D,130.9453486918048,0.1309453486918048
133,Store_E,63.72317263284866,0.06372317263284866
134,Store_A,127.16815830061331,0.12716815830061332
134,Store_B,90.00564109493628,0.09000564109493628
134,Store_C,12.053044402827124,0.012053044402827125
134,Store_D,74.39370275052276,0.07439370275052276
134,Store_E,96.12022992136566,0.09612022992136567
135,Store_A,151.71241411823513,0.15171241411823513
135,Store_B,103.82453896264727,0.10382453896264726
135,Store_C,41.680923848048394,0.0416809238480484
135,Store_D,182.7140277494047,0.1827140277494047
135,Store_E,96.93522897896494,0.09693522897896495
136,Store_A,105.57692993692937,0.10557692993692938
136,Store_B,105.7025404367216,0.1057025404367216
136,Store_C,53.01039761674783,0.053010397616747834
136,Store_D,29.435159085995775,0.029435159085995775
136,Store_E,86.68254384997867,0.08668254384997867
137,Store_A,189.1084293362673,0.18910842933626731
137,Store_B,85.49437165678894,0.08549437165678894
137,Store_C,3.208783628685749,0.003208783628685749
137,Store_D,58.49467882193297,0.058494678821932974
137,Store_E,131.92444379996468,0.13192444379996468
138,Store_A,124.17688461374144,0.12417688461374143
138,Store_B,158.11313114148035,0.15811313114148035
138,Store_C,38.106565722017045,0.038106565722017045
138,Store_D,134.41160487842586,0.13441160487842585
138,Store_E,61.182602359592494,0.06118260235959249
139,Store_A,167.66767426228526,0.16766767426228527
139,Store_B,49.05174493692556,0.04905174493692556
139,Store_C,22.44172675707782,0.02244172675707782
139,Store_D,95.60372778475312,0.09560372778475312
139,Store_E,112.47950989051557,0.11247950989051557
140,Store_A,241.87522573560648,0.2418752257356065
140,Store_B,101.00339526722932,0.10100339526722932
140,Store_C,22.908401859687004,0.022908401859687004
140,Store_D,58.095043152972664,0.05809504315297266
140,Store_E,7.540063716042086,0.007540063716042086
141,Store_A,145.91628015661448,0.14591628015661448
141,Store_B,86.7137726061464,0.0867137726061464
141,Store_C,51.36376660982761,0.05136376660982761
141,Store_D,96.39111883604865,0.09639111883604864
141,Store_E,80.72770066031218,0.08072770066031218
142,Store_A,105.72714676374615,0.10572714676374614
142,Store_B,126.85769506207467,0.12685769506207467
142,Store_C,26.52435747534009,0.02652435747534009
142,Store_D,-35.90078625729286,-0.03590078625729286
142,Store_E,150.90489592414647,0.15090489592414646
143,Store_A,153.07648552979018,0.15307648552979017
143,Store_B,58.866200749739235,0.058866200749739236
143,Store_C,31.02529803482086,0.03102529803482086
143,Store_D,28.71040753754011,0.02871040753754011
143,Store_E,50.436993418174296,0.05043699341817429
144,Store_A,137.307201567286,0.137307201567286
144,Store_B,123.49336214811093,0.12349336214811094
144,Store_C,31.042291833015412,0.031042291833015413
144,Store_D,-5.357913865452132,-0.0053579138654521324
144,Store_E,-29.74964831117151,-0.02974964831117151
145,Store_A,148.57637623731384,0.14857637623731385
145,Store_B,110.25055589506272,0.11025055589506272
145,Store_C,47.20635878080676,0.047206358780806756
145,Store_D,23.261571492079046,0.023261571492079046
145,Store_E,29.34438261859476,0.02934438261859476
146,Store_A,213.1620202769991,0.2131620202769991
146,Store_B,126.61898545049277,0.12661898545049277
146,Store_C,40.65173811541009,0.04065173811541009
146,Store_D,37.57780590662291,0.037577805906622914
146,Store_E,78.91076981125433,0.07891076981125432
147,Store_A,12.679335451699275,0.012679335451699275
147,Store_B,71.44609728071885,0.07144609728071885
147,Store_C,74.97127796707665,0.07497127796707664
147,Store_D,-12.792952287236147,-0.012792952287236148
147,Store_E,75.95326145471364,0.07595326145471364
148,Store_A,126.31062151805769,0.1263106215180577
148,Store_B,69.9205675035702,0.0699205675035702
148,Store_C,38.94752544245582,0.03894752544245582
148,Store_D,128.78802317783726,0.12878802317783727
148,Store_E,87.4936016982707,0.0874936016982707
149,Store_A,132.02517903410006,0.13202517903410005
149,Store_B,71.95737593075962,0.07195737593075963
149,Store_C,79.62356378742989,0.0796235637874299
149,Store_D,125.77746409802945,0.12577746409802945
149,Store_E,89.54328723742627,0.08954328723742627
150,Store_A,149.81278698011437,0.14981278698011435
150,Store_B,84.82362125012654,0.08482362125012653
150,Store_C,25.873366678043755,0.025873366678043755
150,Store_D,74.13983436766377,0.07413983436766376
150,Store_E,96.71481317401481,0.09671481317401481
151,Store_A,233.961542611396,0.233961542611396
151,Store_B,44.30197529494841,0.04430197529494841
151,Store_C,22.532002843478597,0.0225320028434786
151,Store_D,91.18691038485001,0.09118691038485001
151,Store_E,95.2703915158963,0.09527039151589631
152,Store_A,174.04151898883276,0.17404151898883277
152,Store_B,100.6084743091493,0.1006084743091493
152,Store_C,21.31669710512926,0.021316697105129262
152,Store_D,-68.69411510936507,-0.06869411510936507
152,Store_E,117.8258368307239,0.1178258368307239
153,Store_A,102.94407597182287,0.10294407597182287
153,Store_B,92.52612559336166,0.09252612559336165
153,Store_C,26.34328642850609,0.02634328642850609
153,Store_D,63.447354831026914,0.06344735483102691
153,Store_E,131.5299476584408,0.13152994765844078
154,Store_A,171.0368155736736,0.17103681557367362
154,Store_B,120.07179272833287,0.12007179272833286
154,Store_C,35.96474568874224,0.03596474568874224
154,Store_D,55.75442920658598,0.055754429206585986
154,Store_E,100.4733662433392,0.1004733662433392
155,Store_A,211.12380675871003,0.21112380675871004
155,Store_B,107.05834678315928,0.10705834678315929
155,Store_C,47.18036213350145,0.04718036213350145
155,Store_D,40.7883092861069,0.040788309286106904
155,Store_E,54.576154120930454,0.054576154120930455
156,Store_A,180.12221860477524,0.18012221860477523
156,Store_B,116.56173164811732,0.11656173164811731
156,Store_C,29.17381602557403,0.02917381602557403
156,Store_D,63.985012039342884,0.06398501203934288
156,Store_E,132.59840010522763,0.13259840010522764
157,Store_A,133.33787734614648,0.1333378773461465
157,Store_B,105.79027603014815,0.10579027603014815
157,Store_C,6.14353894106693,0.00614353894106693
157,Store_D,53.42349837655613,0.05342349837655613
157,Store_E,106.8957346138252,0.10689573461382519
158,Store_A,200.68265428460558,0.20068265428460558
158,Store_B,119.55240063448655,0.11955240063448655
158,Store_C,29.970921943231602,0.0299709219432316
158,Store_D,-63.85812053425491,-0.06385812053425491
158,Store_E,16.178812510629985,0.016178812510629983
159,Store_A,93.24440289641801,0.09324440289641801
159,Store_B,60.272910160655044,0.060272910160655044
159,Store_C,29.340650830184735,0.029340650830184736
159,Store_D,105.37508240045017,0.10537508240045017
159,Store_E,42.35326197252867,0.04235326197252867
160,Store_A,213.72824813692014,0.21372824813692015
160,Store_B,80.75299507655058,0.08075299507655058
160,Store_C,14.581190829752744,0.014581190829752745
160,Store_D,217.5877297093805,0.2175877297093805
160,Store_E,84.79148527216806,0.08479148527216807
161,Store_A,153.25515657748238,0.15325515657748237
161,Store_B,50.43241528772317,0.050432415287723166
161,Store_C,0.06627172940099416,6.627172940099416e-05
161,Store_D,57.88730251000917,0.05788730251000917
161,Store_E,-0.13500044814308831,-0.00013500044814308831
162,Store_A,112.47261560824184,0.11247261560824184
162,Store_B,110.02833426609207,0.11002833426609207
162,Store_C,64.97633520103679,0.0649763352010368
162,Store_D,230.8125939094796,0.2308125939094796
162,Store_E,46.52282515668042,0.04652282515668042
163,Store_A,177.2451829460529,0.1772451829460529
163,Store_B,95.2119284560953,0.09521192845609529
163,Store_C,19.25522709869394,0.019255227098693938
163,Store_D,95.4461822206324,0.09544618222063239
163,Store_E,126.70709916963102,0.12670709916963102
164,Store_A,157.0024904705233,0.1570024904705233
164,Store_B,76.7132687965566,0.0767132687965566
164,Store_C,34.08466519519253,0.03408466519519253
164,Store_D,-46.33942376426438,-0.04633942376426438
164,Store_E,111.65501803134597,0.11165501803134598
165,Store_A,195.63149270294355,0.19563149270294355
165,Store_B,65.67847454260428,0.06567847454260428
165,Store_C,-3.9486412551310544,-0.0039486412551310544
165,Store_D,144.8443154168651,0.1448443154168651
165,Store_E,48.59700748960222,0.04859700748960222
166,Store_A,100.93629353958669,0.10093629353958669
166,Store_B,79.16728288637802,0.07916728288637802
166,Store_C,59.41526607356364,0.05941526607356364
166,Store_D,12.52076216722766,0.01252076216722766
166,Store_E,-9.229678474484151,-0.009229678474484151
167,Store_A,165.2275947158871,0.1652275947158871
167,Store_B,67.01922269336066,0.06701922269336066
167,Store_C,30.805341051532643,0.030805341051532643
167,Store_D,101.14873094802898,0.10114873094802898
167,Store_E,50.19760077682832,0.05019760077682832
168,Store_A,205.05431563099205,0.20505431563099205
168,Store_B,102.89814432371023,0.10289814432371022
168,Store_C,3.7131282944043997,0.0037131282944043997
168,Store_D,-44.07311997760153,-0.04407311997760153
168,Store_E,19.639962998791685,0.019639962998791685
169,Store_A,187.64698631702404,0.18764698631702403
169,Store_B,123.44255671759791,0.1234425567175979
169,Store_C,1.9638275458209662,0.001963827545820966
169,Store_D,172.51834907260564,0.17251834907260566
169,Store_E,87.74349858234207,0.08774349858234207
170,Store_A,137.87285436577636,0.13787285436577637
170,Store_B,69.10105504546895,0.06910105504546896
170,Store_C,3.8802533778468167,0.0038802533778468165
170,Store_D,-156.44220044456102,-0.15644220044456103
170,Store_E,58.03446286556575,0.05803446286556575
171,Store_A,183.97221068428365,0.18397221068428365
171,Store_B,152.9313538735576,0.1529313538735576
171,Store_C,24.008318336313348,0.02400831833631335
171,Store_D,174.68134943712906,0.17468134943712907
171,Store_E,55.09192880138462,0.05509192880138462
172,Store_A,107.58519498476454,0.10758519498476454
172,Store_B,90.15460983182203,0.09015460983182202
172,Store_C,65.89684108368795,0.06589684108368794
172,Store_D,128.5309113905383,0.1285309113905383
172,Store_E,46.5183280581067,0.0465183280581067
173,Store_A,167.6715008365046,0.16767150083650462
173,Store_B,19.033711582349095,0.019033711582349094
173,Store_C,13.842225248072738,0.013842225248072739
173,Store_D,-35.28083167731086,-0.03528083167731086
173,Store_E,55.77229378315065,0.05577229378315065
174,Store_A,51.51275717401954,0.05151275717401954
174,Store_B,88.75058842269434,0.08875058842269433
174,Store_C,1.6154017207454865,0.0016154017207454865
174,Store_D,142.78252019863098,0.14278252019863097
174,Store_E,8.64026470452977,0.00864026470452977
175,Store_A,157.94607283812218,0.15794607283812218
175,Store_B,62.10070212720807,0.06210070212720807
175,Store_C,24.475745670850625,0.024475745670850625
175,Store_D,19.334684242995074,0.019334684242995073
175,Store_E,178.35217424588163,0.17835217424588162
176,Store_A,203.03496918242598,0.20303496918242597
176,Store_B,73.88724697983396,0.07388724697983397
176,Store_C,-2.5803131483450836,-0.0025803131483450835
176,Store_D,81.06447866017498,0.08106447866017498
176,Store_E,76.93261660917749,0.07693261660917748
177,Store_A,252.61593615741873,0.25261593615741873
177,Store_B,120.2365667549464,0.1202365667549464
177,Store_C,40.19539842191613,0.040195398421916134
177,Store_D,51.627844203648614,0.05162784420364861
177,Store_E,99.04830813731743,0.09904830813731744
178,Store_A,111.56520099828221,0.11156520099828221
178,Store_B,30.989667138830438,0.03098966713883044
178,Store_C,-28.48866224055513,-0.02848866224055513
178,Store_D,-70.82967718948684,-0.07082967718948685
178,Store_E,1.0501319303257843,0.0010501319303257844
179,Store_A,186.82199936158239,0.1868219993615824
179,Store_B,87.32197917388629,0.08732197917388629
179,Store_C,31.51611378249518,0.03151611378249518
179,Store_D,-44.48497121245794,-0.044484971212457945
179,Store_E,50.25544222533552,0.05025544222533552
180,Store_A,195.70629711579537,0.19570629711579537
180,Store_B,83.93500420587719,0.0839350042058772
180,Store_C,-3.954964851889786,-0.003954964851889786
180,Store_D,1.3670434727408796,0.0013670434727408795
180,Store_E,86.51975417588697,0.08651975417588698
181,Store_A,223.74567352981256,0.22374567352981256
181,Store_B,92.21696982787397,0.09221696982787397
181,Store_C,16.67807601173361,0.016678076011733607
181,Store_D,53.778092000821104,0.05377809200082111
181,Store_E,100.85112386331025,0.10085112386331024
182,Store_A,146.679265414868,0.146679265414868
182,Store_B,114.75519918266025,0.11475519918266025
182,Store_C,0.3202625883011768,0.00032026258830117685
182,Store_D,-96.94816926314998,-0.09694816926314997
182,Store_E,61.73221244230195,0.061732212442301954
183,Store_A,131.72231032946888,0.13172231032946888
183,Store_B,94.06543846098535,0.09406543846098535
183,Store_C,-5.665037134812111,-0.005665037134812111
183,Store_D,12.110710977441888,0.012110710977441888
183,Store_E,37.75578608779921,0.03775578608779921
184,Store_A,153.05379662723075,0.15305379662723076
184,Store_B,86.53420413765906,0.08653420413765905
184,Store_C,23.926020816077767,0.023926020816077767
184,Store_D,81.23615266061573,0.08123615266061573
184,Store_E,60.93532692294755,0.06093532692294755
185,Store_A,145.2303566261258,0.1452303566261258
185,Store_B,124.44716043142682,0.12444716043142683
185,Store_C,20.75540343101418,0.02075540343101418
185,Store_D,210.58334383668293,0.21058334383668292
185,Store_E,40.11530489037359,0.040115304890373585
186,Store_A,33.06635607473453,0.03306635607473453
186,Store_B,38.318534270464276,0.03831853427046428
186,Store_C,-2.550583199673981,-0.002550583199673981
186,Store_D,-6.803460664080233,-0.0068034606640802325
186,Store_E,26.11599201908857,0.02611599201908857
187,Store_A,103.58531394480566,0.10358531394480566
187,Store_B,99.9267092532781,0.09992670925327811
187,Store_C,6.202662598898229,0.006202662598898229
187,Store_D,-22.46399419990059,-0.02246399419990059
187,Store_E,118.86449968281653,0.11886449968281652
188,Store_A,202.68776871183212,0.2026877687118321
188,Store_B,118.11811889063623,0.11811811889063623
188,Store_C,23.36929951245935,0.02336929951245935
188,Store_D,51.207165839830935,0.05120716583983093
188,Store_E,25.191555982258535,0.025191555982258536
189,Store_A,99.5550287552408,0.0995550287552408
189,Store_B,91.50032275330274,0.09150032275330273
189,Store_C,-6.5636120697327645,-0.006563612069732765
189,Store_D,-28.299875084048118,-0.028299875084048118
189,Store_E,46.82333518911732,0.04682333518911732
190,Store_A,186.75298400585996,0.18675298400585996
190,Store_B,115.12835796186384,0.11512835796186384
190,Store_C,-12.743138069263711,-0.01274313806926371
190,Store_D,143.98761842387495,0.14398761842387495
190,Store_E,103.52660705587724,0.10352660705587724
191,Store_A,147.51615811660338,0.14751615811660337
191,Store_B,92.8193966414368,0.09281939664143679
191,Store_C,-18.668806932726756,-0.018668806932726757
191,Store_D,158.5316965399166,0.15853169653991658
191,Store_E,-21.96300257653813,-0.021963002576538132
192,Store_A,162.08916145366464,0.16208916145366464
192,Store_B,111.80190766516013,0.11180190766516013
192,Store_C,48.59941184819533,0.04859941184819533
192,Store_D,-81.10523523473996,-0.08110523523473996
192,Store_E,65.151577566169,0.06515157756616899
193,Store_A,156.92759099946358,0.15692759099946357
193,Store_B,115.617166914708,0.115617166914708
193,Store_C,-10.496271981677324,-0.010496271981677324
193,Store_D,237.1296678825272,0.2371296678825272
193,Store_E,4.2138836106860795,0.00421388361068608
194,Store_A,147.85119440111387,0.14785119440111388
194,Store_B,57.26877059516103,0.05726877059516103
194,Store_C,-6.9461498235867705,-0.00694614982358677
194,Store_D,33.74473981189338,0.03374473981189338
194,Store_E,-2.7035973043367383,-0.0027035973043367384
195,Store_A,175.65359767724152,0.1756535976772415
195,Store_B,84.33581983981156,0.08433581983981156
195,Store_C,16.062657761064912,0.016062657761064913
195,Store_D,60.52310341934082,0.06052310341934082
195,Store_E,54.590730162039144,0.05459073016203914
196,Store_A,142.90420955842555,0.14290420955842556
196,Store_B,54.95428647547289,0.05495428647547289
196,Store_C,3.5648022065920877,0.0035648022065920878
196,Store_D,-48.156410220440925,-0.048156410220440926
196,Store_E,141.00472909699874,0.14100472909699874
197,Store_A,211.0617736482175,0.2110617736482175
197,Store_B,88.23826676169932,0.08823826676169932
197,Store_C,22.393646650764182,0.022393646650764182
197,Store_D,56.999588376378696,0.056999588376378696
197,Store_E,80.71594015905488,0.08071594015905488
198,Store_A,221.67762873025583,0.22167762873025584
198,Store_B,96.75881252467539,0.09675881252467539
198,Store_C,28.097701579553522,0.028097701579553522
198,Store_D,-64.80331310862323,-0.06480331310862322
198,Store_E,69.57489892251294,0.06957489892251294
199,Store_A,147.00510446415768,0.14700510446415768
199,Store_B,149.4709747666099,0.14947097476660992
199,Store_C,42.663401442740515,0.042663401442740514
199,Store_D,69.10578158231642,0.06910578158231642
199,Store_E,66.16077370617117,0.06616077370617117
200,Store_A,174.04317203130992,0.17404317203130992
200,Store_B,13.115996232536391,0.01311599623253639
200,Store_C,-19.13251324968866,-0.01913251324968866
200,Store_D,92.75004185780575,0.09275004185780575
200,Store_E,-6.726961479651044,-0.006726961479651045
201,Store_A,95.00936274605387,0.09500936274605387
201,Store_B,62.463038536846916,0.06246303853684692
201,Store_C,-13.360883855492958,-0.013360883855492958
201,Store_D,-53.478082145510456,-0.053478082145510454
201,Store_E,43.072235484486754,0.04307223548448676
202,Store_A,99.60216700014566,0.09960216700014565
202,Store_B,20.837911036375598,0.020837911036375598
202,Store_C,-10.248662166892748,-0.010248662166892748
202,Store_D,86.48611961868,0.08648611961868
202,Store_E,126.45315201682853,0.12645315201682852
203,Store_A,179.39233177391424,0.17939233177391423
203,Store_B,35.328780627710834,0.03532878062771083
203,Store_C,-10.313406860987861,-0.010313406860987862
203,Store_D,11.850069463688026,0.011850069463688027
203,Store_E,41.29581977029204,0.04129581977029204
204,Store_A,123.77037344032443,0.12377037344032443
204,Store_B,125.98001720015203,0.12598001720015203
204,Store_C,36.676151008751965,0.03667615100875197
204,Store_D,11.627976810931397,0.011627976810931397
204,Store_E,71.75150592295184,0.07175150592295183
205,Store_A,76.10279548738453,0.07610279548738452
205,Store_B,91.83027132564062,0.09183027132564062
205,Store_C,25.116369295847548,0.025116369295847547
205,Store_D,-16.857219539286096,-0.016857219539286095
205,Store_E,28.750753847275842,0.028750753847275844
206,Store_A,202.4780587776495,0.2024780587776495
206,Store_B,50.87289557237094,0.050872895572370944
206,Store_C,2.8014065067789047,0.0028014065067789046
206,Store_D,-2.663434000362723,-0.002663434000362723
206,Store_E,55.53087601615022,0.05553087601615023
207,Store_A,113.89714553963448,0.11389714553963448
207,Store_B,92.43295928809437,0.09243295928809436
207,Store_C,51.298156160798065,0.05129815616079807
207,Store_D,85.45225629458538,0.08545225629458539
207,Store_E,68.89769798950785,0.06889769798950784
208,Store_A,165.7204577192496,0.1657204577192496
208,Store_B,113.05558441800476,0.11305558441800476
208,Store_C,9.041334105261113,0.009041334105261112
208,Store_D,-117.76440992354686,-0.11776440992354686
208,Store_E,2.1010936217325873,0.0021010936217325873
209,Store_A,169.7757096406771,0.1697757096406771
209,Store_B,66.73765778208221,0.06673765778208221
209,Store_C,10.053081618146962,0.010053081618146963
209,Store_D,32.56255069349221,0.03256255069349221
209,Store_E,63.81792836529335,0.06381792836529335
210,Store_A,57.38710421119661,0.05738710421119661
210,Store_B,64.14414479885431,0.06414414479885432
210,Store_C,-21.451518401159174,-0.021451518401159175
210,Store_D,-36.425888398442176,-0.03642588839844218
210,Store_E,62.56757739092161,0.06256757739092161
211,Store_A,133.74161584090925,0.13374161584090924
211,Store_B,20.644082287507047,0.020644082287507047
211,Store_C,37.74802349949377,0.03774802349949377
211,Store_D,3.2139782665476444,0.0032139782665476443
211,Store_E,70.75628002746004,0.07075628002746004
212,Store_A,135.94942446039104,0.13594942446039104
212,Store_B,84.4046393036854,0.0844046393036854
212,Store_C,9.392071546145115,0.009392071546145115
212,Store_D,120.07321935607659,0.1200732193560766
212,Store_E,6.6055880757675824,0.006605588075767582
213,Store_A,174.4083896609318,0.17440838966093178
213,Store_B,27.718962257574212,0.02771896225757421
213,Store_C,-6.404991332316109,-0.006404991332316109
213,Store_D,162.95561808449634,0.16295561808449632
213,Store_E,-20.53752437717069,-0.020537524377170692
214,Store_A,110.34563213827386,0.11034563213827385
214,Store_B,64.57519918862201,0.064575199188622
214,Store_C,-5.702262977961503,-0.005702262977961503
214,Store_D,-8.33603328941132,-0.008336033289411321
214,Store_E,67.65848462787302,0.06765848462787302
215,Store_A,102.58564980498251,0.10258564980498251
215,Store_B,66.73827007931182,0.06673827007931182
215,Store_C,-31.801323053842616,-0.03180132305384262
215,Store_D,16.912951943394624,0.016912951943394625
215,Store_E,18.851744085859863,0.018851744085859864
216,Store_A,130.65756435215752,0.13065756435215753
216,Store_B,108.3972075116228,0.1083972075116228
216,Store_C,30.580495611707114,0.030580495611707115
216,Store_D,46.514309243521495,0.0465143092435215
216,Store_E,61.12770286247373,0.06112770286247373
217,Store_A,269.3674780540042,0.2693674780540042
217,Store_B,64.71355414946919,0.0647135541494692
217,Store_C,29.776528801169473,0.029776528801169475
217,Store_D,-18.915095656433046,-0.018915095656433047
217,Store_E,44.542169490765204,0.044542169490765206
218,Store_A,80.67001319410252,0.08067001319410252
218,Store_B,78.93040496391797,0.07893040496391797
218,Store_C,1.1711127102836698,0.0011711127102836697
218,Store_D,5.993196315238057,0.005993196315238057
218,Store_E,28.639437015995437,0.028639437015995438
219,Store_A,127.10017851712846,0.12710017851712846
219,Store_B,90.04965411115025,0.09004965411115025
219,Store_C,-3.2637187489029387,-0.0032637187489029384
219,Store_D,81.17668273164816,0.08117668273164816
219,Store_E,94.27695541298898,0.09427695541298899
220,Store_A,67.71684296933537,0.06771684296933538
220,Store_B,117.41219127063087,0.11741219127063086
220,Store_C,25.66567699178126,0.02566567699178126
220,Store_D,-70.55933864853856,-0.07055933864853856
220,Store_E,70.29315220428619,0.07029315220428618
221,Store_A,149.69881181558455,0.14969881181558456
221,Store_B,98.15251831165209,0.09815251831165209
221,Store_C,-9.868450166573675,-0.009868450166573676
221,Store_D,-16.3182010357946,-0.0163182010357946
221,Store_E,46.99839059532661,0.04699839059532661
222,Store_A,118.22181017800452,0.11822181017800451
222,Store_B,54.20011700443341,0.05420011700443341
222,Store_C,34.57988794356998,0.034579887943569976
222,Store_D,16.264806323707703,0.016264806323707703
222,Store_E,23.060050278228346,0.023060050278228345
223,Store_A,158.18525137025972,0.1581852513702597
223,Store_B,101.35131247058013,0.10135131247058013
223,Store_C,-10.228275029339658,-0.010228275029339658
223,Store_D,105.90161635882582,0.10590161635882582
223,Store_E,58.6985608189048,0.0586985608189048
224,Store_A,167.2125083076619,0.1672125083076619
224,Store_B,60.324214188611386,0.060324214188611384
224,Store_C,30.183500309165737,0.030183500309165737
224,Store_D,15.343280283195881,0.01534328028319588
224,Store_E,-22.916144760771218,-0.022916144760771216
225,Store_A,164.11369602498922,0.16411369602498924
225,Store_B,51.166889097633664,0.051166889097633665
225,Store_C,12.071772017592489,0.012071772017592488
225,Store_D,220.9803746633451,0.22098037466334508
225,Store_E,62.48501573440225,0.06248501573440225
226,Store_A,180.41474941335528,0.18041474941335528
226,Store_B,83.8961095252036,0.0838961095252036
226,Store_C,-5.489291131922015,-0.005489291131922015
226,Store_D,7.072806085577646,0.007072806085577647
226,Store_E,87.84660370000125,0.08784660370000125
227,Store_A,108.11090960961421,0.10811090960961421
227,Store_B,87.3809928076816,0.08738099280768159
227,Store_C,13.156103122431185,0.013156103122431186
227,Store_D,-92.12826356749083,-0.09212826356749083
227,Store_E,38.33896207110785,0.03833896207110785
228,Store_A,54.17510947844939,0.05417510947844939
228,Store_B,75.91508674509203,0.07591508674509202
228,Store_C,-53.521549534165224,-0.05352154953416523
228,Store_D,72.38477962599123,0.07238477962599123
228,Store_E,42.01498949250689,0.04201498949250689
229,Store_A,75.61725122035826,0.07561725122035826
229,Store_B,94.9568862959819,0.09495688629598191
229,Store_C,0.9321366123358765,0.0009321366123358765
229,Store_D,125.32012150502972,0.12532012150502972
229,Store_E,-1.0000072788826155,-0.0010000072788826156
230,Store_A,144.96702841456235,0.14496702841456235
230,Store_B,98.01841265938924,0.09801841265938924
230,Store_C,-19.626468357684374,-0.019626468357684373
230,Store_D,1.194063849175142,0.001194063849175142
230,Store_E,21.771006428098296,0.021771006428098295
231,Store_A,-4.826304559833211,-0.004826304559833211
231,Store_B,75.91324350958914,0.07591324350958914
231,Store_C,16.90544385314813,0.01690544385314813
231,Store_D,5.145062965445534,0.005145062965445535
231,Store_E,-63.682601690572326,-0.06368260169057233
232,Store_A,166.26328822828938,0.1662632882282894
232,Store_B,50.25609837880115,0.05025609837880115
232,Store_C,40.86966825292054,0.040869668252920544
232,Store_D,-152.81679262049082,-0.1528167926204908
232,Store_E,22.50236504501981,0.02250236504501981
233,Store_A,118.16859936732156,0.11816859936732156
233,Store_B,111.35106479558945,0.11135106479558946
233,Store_C,-3.8580110215378127,-0.003858011021537813
233,Store_D,-56.63708791348475,-0.05663708791348475
233,Store_E,87.8979009077463,0.08789790090774631
234,Store_A,225.5971892877066,0.2255971892877066
234,Store_B,91.58274511279015,0.09158274511279015
234,Store_C,-16.418044147374292,-0.016418044147374293
234,Store_D,-230.53935796648364,-0.23053935796648364
234,Store_E,89.42048693383391,0.08942048693383392
235,Store_A,72.9017234229545,0.0729017234229545
235,Store_B,61.3130782083809,0.0613130782083809
235,Store_C,-5.0145925139001895,-0.00501459251390019
235,Store_D,21.749697001497896,0.021749697001497897
235,Store_E,19.97513885916757,0.019975138859167567
236,Store_A,132.05829161119635,0.13205829161119637
236,Store_B,60.15937921389563,0.060159379213895636
236,Store_C,-7.912202278621924,-0.007912202278621924
236,Store_D,-1.2051906813862616,-0.0012051906813862617
236,Store_E,-1.1034179596820028,-0.001103417959682003
237,Store_A,223.05307990407402,0.22305307990407403
237,Store_B,-8.207235276868632,-0.008207235276868632
237,Store_C,-9.434296925702096,-0.009434296925702097
237,Store_D,51.32278159660469,0.051322781596604694
237,Store_E,21.881147427154986,0.021881147427154985
238,Store_A,116.35524654938665,0.11635524654938664
238,Store_B,-11.619512017176787,-0.011619512017176786
238,Store_C,-19.875802804730633,-0.019875802804730634
238,Store_D,-116.59520436371561,-0.11659520436371561
238,Store_E,47.72877293259209,0.047728772932592096
239,Store_A,149.2870355358927,0.1492870355358927
239,Store_B,0.779511402666036,0.000779511402666036
239,Store_C,-14.157433908635088,-0.014157433908635088
239,Store_D,-74.06841029842094,-0.07406841029842094
239,Store_E,70.32990476003765,0.07032990476003766
240,Store_A,108.1352605101825,0.1081352605101825
240,Store_B,6.197737810044464,0.006197737810044464
240,Store_C,-28.031140604154384,-0.028031140604154382
240,Store_D,54.52545852105365,0.05452545852105365
240,Store_E,38.81496915616633,0.03881496915616633
241,Store_A,81.07218748381555,0.08107218748381556
241,Store_B,35.39437846847823,0.03539437846847823
241,Store_C,-28.271264153405312,-0.028271264153405314
241,Store_D,-10.961212590602155,-0.010961212590602155
241,Store_E,68.73455127973185,0.06873455127973184
242,Store_A,79.57554275129155,0.07957554275129156
242,Store_B,57.09703638812432,0.05709703638812432
242,Store_C,13.586332285915805,0.013586332285915804
242,Store_D,19.31680924635726,0.01931680924635726
242,Store_E,35.76450669982285,0.035764506699822854
243,Store_A,244.93112393294354,0.24493112393294353
243,Store_B,117.11471411604508,0.11711471411604508
243,Store_C,23.253908257830588,0.023253908257830587
243,Store_D,-62.7826651168283,-0.0627826651168283
243,Store_E,96.83595361393368,0.09683595361393368
244,Store_A,85.71955055921434,0.08571955055921435
244,Store_B,45.90503097141525,0.04590503097141525
244,Store_C,19.918882465152926,0.019918882465152925
244,Store_D,31.30599740933072,0.03130599740933072
244,Store_E,36.887507524932424,0.036887507524932424
245,Store_A,95.15333297241183,0.09515333297241182
245,Store_B,86.77873495956452,0.08677873495956452
245,Store_C,-16.188204285058056,-0.016188204285058055
245,Store_D,27.721167862157536,0.027721167862157534
245,Store_E,97.87741038027664,0.09787741038027664
246,Store_A,125.7276431408264,0.1257276431408264
246,Store_B,62.67732254728717,0.06267732254728717
246,Store_C,2.3938471196806557,0.0023938471196806557
246,Store_D,98.74525441231697,0.09874525441231696
246,Store_E,63.924943537891906,0.06392494353789191
247,Store_A,158.3423959403969,0.1583423959403969
247,Store_B,60.08830702476643,0.06008830702476643
247,Store_C,-30.02546237380987,-0.030025462373809868
247,Store_D,45.857034772901166,0.045857034772901165
247,Store_E,30.457600643895447,0.030457600643895445
248,Store_A,157.2460886486638,0.1572460886486638
248,Store_B,76.2085430942782,0.0762085430942782
248,Store_C,26.745031984337263,0.026745031984337263
248,Store_D,6.946798841607701,0.006946798841607701
248,Store_E,75.55273826617695,0.07555273826617695
249,Store_A,174.6062471973374,0.17460624719733742
249,Store_B,101.7403818310686,0.10174038183106861
249,Store_C,6.2851947198488,0.0062851947198487995
249,Store_D,-75.06039165768725,-0.07506039165768724
249,Store_E,-39.15704060042954,-0.03915704060042954
250,Store_A,137.20234480113416,0.13720234480113416
250,Store_B,60.600797716024786,0.060600797716024786
250,Store_C,-14.73354862939567,-0.01473354862939567
250,Store_D,96.76680024746292,0.09676680024746293
250,Store_E,-5.854346876712848,-0.005854346876712848
251,Store_A,107.06783899653409,0.10706783899653409
251,Store_B,2.909162848440859,0.002909162848440859
251,Store_C,29.27374845634175,0.029273748456341748
251,Store_D,52.55056621638034,0.05255056621638034
251,Store_E,-7.6175524592642025,-0.007617552459264203
252,Store_A,96.47477998526901,0.09647477998526902
252,Store_B,84.51463151757339,0.0845146315175734
252,Store_C,24.634680744882587,0.02463468074488259
252,Store_D,15.373097697255998,0.015373097697255998
252,Store_E,24.39038616548402,0.02439038616548402
253,Store_A,82.77463731690091,0.0827746373169009
253,Store_B,97.13180969347663,0.09713180969347662
253,Store_C,-14.804862706454855,-0.014804862706454855
253,Store_D,-60.55105193414494,-0.06055105193414494
253,Store_E,-18.09081957067225,-0.01809081957067225
254,Store_A,215.5831456189678,0.2155831456189678
254,Store_B,44.389989961334436,0.04438998996133443
254,Store_C,22.505039699866913,0.022505039699866912
254,Store_D,156.4969737270735,0.1564969737270735
254,Store_E,62.19097398547183,0.062190973985471826
255,Store_A,51.55288151058961,0.05155288151058961
255,Store_B,98.25556834326204,0.09825556834326205
255,Store_C,-16.584577465773194,-0.016584577465773194
255,Store_D,195.29002625727438,0.19529002625727437
255,Store_E,7.180289328212162,0.007180289328212162
256,Store_A,95.17772151084897,0.09517772151084897
256,Store_B,40.8521929841094,0.0408521929841094
256,Store_C,14.886247200058785,0.014886247200058784
256,Store_D,-45.276164216582416,-0.04527616421658241
256,Store_E,17.13905654419786,0.01713905654419786
257,Store_A,91.46211876910743,0.09146211876910744
257,Store_B,60.14027395813093,0.06014027395813093
257,Store_C,25.747573614410715,0.025747573614410716
257,Store_D,86.11130489417049,0.08611130489417049
257,Store_E,24.483751755634046,0.024483751755634046
258,Store_A,48.98695303792586,0.04898695303792586
258,Store_B,95.02183935565503,0.09502183935565503
258,Store_C,22.782442551672197,0.022782442551672197
258,Store_D,90.62469223235446,0.09062469223235446
258,Store_E,-33.49280882282936,-0.03349280882282936
259,Store_A,127.68238242025012,0.12768238242025012
259,Store_B,52.801119453310754,0.05280111945331076
259,Store_C,7.783549754177123,0.007783549754177123
259,Store_D,-158.19286805107964,-0.15819286805107965
259,Store_E,-20.31130823277998,-0.02031130823277998
260,Store_A,-1.4979677855391227,-0.0014979677855391227
260,Store_B,-0.4148757392919422,-0.0004148757392919422
260,Store_C,-14.767425670359271,-0.014767425670359272
260,Store_D,-5.794539036856914,-0.005794539036856915
260,Store_E,33.10875831883627,0.03310875831883627
261,Store_A,156.58181204485268,0.1565818120448527
261,Store_B,91.28693594781167,0.09128693594781168
261,Store_C,-7.177155549222013,-0.007177155549222013
261,Store_D,49.22260129946907,0.04922260129946907
261,Store_E,-33.23673938212299,-0.033236739382122994
262,Store_A,86.97711370758768,0.08697711370758768
262,Store_B,105.83071668588681,0.10583071668588681
262,Store_C,-2.3875275722524245,-0.0023875275722524247
262,Store_D,-85.39428874671614,-0.08539428874671615
262,Store_E,53.18326650725078,0.053183266507250776
263,Store_A,201.12800982194616,0.20112800982194617
263,Store_B,65.04206398932045,0.06504206398932046
263,Store_C,14.03966950198595,0.01403966950198595
263,Store_D,63.12864682426708,0.06312864682426708
263,Store_E,9.180975228459472,0.009180975228459471
264,Store_A,126.89724233564186,0.12689724233564187
264,Store_B,82.44374380785399,0.08244374380785399
264,Store_C,-2.704922432016338,-0.0027049224320163383
264,Store_D,-173.07141022367514,-0.17307141022367514
264,Store_E,47.55999339376481,0.047559993393764814
265,Store_A,106.75053634480412,0.10675053634480412
265,Store_B,70.87311656477337,0.07087311656477337
265,Store_C,-2.22478517178763,-0.00222478517178763
265,Store_D,-15.198742809100121,-0.015198742809100121
265,Store_E,15.670929341784358,0.015670929341784358
266,Store_A,100.28627171045231,0.1002862717104523
266,Store_B,116.4592656865468,0.1164592656865468
266,Store_C,-20.862393986978518,-0.020862393986978516
266,Store_D,65.34708437988907,0.06534708437988906
266,Store_E,16.098096588528946,0.016098096588528947
267,Store_A,141.1271341995725,0.1411271341995725
267,Store_B,103.02010817379687,0.10302010817379686
267,Store_C,35.72822446477099,0.03572822446477099
267,Store_D,-114.2013320899891,-0.11420133208998909
267,Store_E,25.45550784506815,0.02545550784506815
268,Store_A,106.52085858277088,0.10652085858277088
268,Store_B,81.3557480614156,0.0813557480614156
268,Store_C,10.245001314122744,0.010245001314122744
268,Store_D,55.62151185281889,0.05562151185281889
268,Store_E,-44.8822346101303,-0.0448822346101303
269,Store_A,221.21770742066687,0.22121770742066688
269,Store_B,73.6696522027949,0.0736696522027949
269,Store_C,0.42069581343216683,0.00042069581343216685
269,Store_D,58.39931804338131,0.058399318043381304
269,Store_E,37.26034723835094,0.037260347238350935
270,Store_A,171.85044638331277,0.17185044638331276
270,Store_B,34.14698343099698,0.03414698343099698
270,Store_C,36.75319471201004,0.036753194712010044
270,Store_D,26.301992875907327,0.02630199287590733
270,Store_E,51.51101995594677,0.05151101995594677
271,Store_A,111.26692755072732,0.11126692755072731
271,Store_B,60.69104516350709,0.06069104516350709
271,Store_C,3.894871809386951,0.003894871809386951
271,Store_D,-49.57186864119581,-0.04957186864119581
271,Store_E,7.038794854025093,0.007038794854025093
272,Store_A,148.34947388827698,0.148349473888277
272,Store_B,75.82991952258935,0.07582991952258936
272,Store_C,-26.734349674978837,-0.026734349674978838
272,Store_D,-1.7416363856286206,-0.0017416363856286206
272,Store_E,37.49784391382133,0.03749784391382133
273,Store_A,174.58064298586334,0.17458064298586334
273,Store_B,96.24167859366482,0.09624167859366481
273,Store_C,6.032679918736338,0.006032679918736338
273,Store_D,-60.671904230061706,-0.060671904230061705
273,Store_E,-28.91222260889111,-0.02891222260889111
274,Store_A,125.78362809653473,0.12578362809653473
274,Store_B,59.858243550178976,0.05985824355017898
274,Store_C,29.385709396650526,0.029385709396650528
274,Store_D,0.9759846068051331,0.0009759846068051331
274,Store_E,41.32654091309097,0.04132654091309097
275,Store_A,51.337148529874504,0.051337148529874504
275,Store_B,59.630140258628025,0.05963014025862803
275,Store_C,28.845682322159732,0.02884568232215973
275,Store_D,58.44468549049416,0.058444685490494155
275,Store_E,35.58429464108973,0.035584294641089725
276,Store_A,124.66469517918023,0.12466469517918023
276,Store_B,17.71883579146064,0.017718835791460642
276,Store_C,-13.368876357003005,-0.013368876357003005
276,Store_D,104.54388732147764,0.10454388732147764
276,Store_E,27.321915474296556,0.027321915474296556
277,Store_A,156.98087912668527,0.15698087912668526
277,Store_B,101.45655933570202,0.10145655933570202
277,Store_C,6.421875378807431,0.00642187537880743
277,Store_D,115.60616960548363,0.11560616960548363
277,Store_E,19.595689663242606,0.019595689663242606
278,Store_A,123.89701788562083,0.12389701788562082
278,Store_B,14.209421092945915,0.014209421092945915
278,Store_C,-22.385800285420085,-0.022385800285420084
278,Store_D,-58.928816035078505,-0.058928816035078505
278,Store_E,21.503707252981073,0.021503707252981074
279,Store_A,139.37774321066127,0.13937774321066126
279,Store_B,49.463404897268745,0.04946340489726875
279,Store_C,39.61691157252482,0.039616911572524824
279,Store_D,-32.10332455239536,-0.032103324552395354
279,Store_E,83.3467558507042,0.0833467558507042
280,Store_A,149.67789105041265,0.14967789105041265
280,Store_B,71.25871081505416,0.07125871081505415
280,Store_C,-40.22242450649617,-0.04022242450649617
280,Store_D,-66.19847102675865,-0.06619847102675866
280,Store_E,50.42575551858074,0.050425755518580744
281,Store_A,141.9723761768243,0.1419723761768243
281,Store_B,23.262553341883937,0.023262553341883936
281,Store_C,-4.447808412879987,-0.004447808412879987
281,Store_D,100.6187896942385,0.1006187896942385
281,Store_E,-4.894173807121458,-0.004894173807121458
282,Store_A,106.63643284569321,0.10663643284569321
282,Store_B,46.2063522948094,0.0462063522948094
282,Store_C,13.471954685559236,0.013471954685559236
282,Store_D,115.23584060064302,0.11523584060064301
282,Store_E,-61.55044031999704,-0.061550440319997034
283,Store_A,145.19582080421353,0.14519582080421353
283,Store_B,2.1702319887262136,0.0021702319887262136
283,Store_C,4.2122805055333545,0.004212280505533354
283,Store_D,-123.67630753377675,-0.12367630753377674
283,Store_E,-53.25161309137,-0.05325161309137
284,Store_A,52.61642394109867,0.05261642394109867
284,Store_B,87.8564606151079,0.0878564606151079
284,Store_C,-23.715181977682192,-0.023715181977682194
284,Store_D,-61.89398466635305,-0.06189398466635305
284,Store_E,42.59773465738294,0.04259773465738294
285,Store_A,138.53408796768247,0.13853408796768246
285,Store_B,54.12335440973423,0.05412335440973423
285,Store_C,-6.571637339945353,-0.006571637339945353
285,Store_D,-56.989448697409955,-0.056989448697409954
285,Store_E,-60.57726843031898,-0.06057726843031898
286,Store_A,128.31530956199094,0.12831530956199094
286,Store_B,112.22174657866411,0.11222174657866411
286,Store_C,-6.194642929283643,-0.006194642929283643
286,Store_D,145.28189642070714,0.14528189642070713
286,Store_E,21.320440366884345,0.021320440366884345
287,Store_A,143.4839414014854,0.1434839414014854
287,Store_B,68.52303933717812,0.06852303933717811
287,Store_C,15.282905400958978,0.015282905400958977
287,Store_D,113.11012867113934,0.11311012867113933
287,Store_E,2.3898737090398967,0.002389873709039897
288,Store_A,121.38470354720036,0.12138470354720036
288,Store_B,26.805703037280374,0.026805703037280373
288,Store_C,36.901113918334644,0.036901113918334644
288,Store_D,-85.38161452384104,-0.08538161452384103
288,Store_E,16.740382988658677,0.016740382988658677
289,Store_A,187.4423110168738,0.18744231101687378
289,Store_B,55.32859995725795,0.05532859995725795
289,Store_C,14.73194195612291,0.01473194195612291
289,Store_D,89.38380168423058,0.08938380168423057
289,Store_E,50.41650062997235,0.05041650062997235
290,Store_A,136.9900288095919,0.1369900288095919
290,Store_B,68.5186682155483,0.0685186682155483
290,Store_C,19.269758480311125,0.019269758480311126
290,Store_D,6.9205901925260545,0.006920590192526055
290,Store_E,94.44253559969812,0.09444253559969812
291,Store_A,128.72720191678627,0.12872720191678627
291,Store_B,38.2028156735271,0.038202815673527096
291,Store_C,2.2504691480756263,0.002250469148075626
291,Store_D,31.526752986246507,0.031526752986246506
291,Store_E,-6.140008586086279,-0.006140008586086279
292,Store_A,125.60674409975064,0.12560674409975064
292,Store_B,46.78234024141857,0.046782340241418564
292,Store_C,12.475776863609747,0.012475776863609747
292,Store_D,130.65207300698793,0.13065207300698795
292,Store_E,-1.4524349572448727,-0.0014524349572448726
293,Store_A,-20.85581128481262,-0.02085581128481262
293,Store_B,53.22001976508515,0.05322001976508515
293,Store_C,6.032167238191412,0.006032167238191412
293,Store_D,106.46484522243874,0.10646484522243874
293,Store_E,0.166944805945448,0.000166944805945448
294,Store_A,183.36478004185327,0.18336478004185328
294,Store_B,83.81605585962244,0.08381605585962244
294,Store_C,6.659039431633713,0.0066590394316337126
294,Store_D,22.098337089942873,0.022098337089942875
294,Store_E,60.778723060108284,0.060778723060108286
295,Store_A,185.09562968869542,0.18509562968869542
295,Store_B,74.56689667353966,0.07456689667353966
295,Store_C,4.5426726078383055,0.004542672607838306
295,Store_D,52.471277349855654,0.052471277349855655
295,Store_E,38.570756225210836,0.038570756225210834
296,Store_A,214.18718918017981,0.21418718918017982
296,Store_B,9.07838149444446,0.009078381494444461
296,Store_C,-6.383916266742945,-0.006383916266742945
296,Store_D,-25.847497364239338,-0.025847497364239337
296,Store_E,-18.000117999854368,-0.01800011799985437
297,Store_A,216.0280384276307,0.2160280384276307
297,Store_B,79.34033978019878,0.07934033978019878
297,Store_C,-14.129803154577383,-0.014129803154577382
297,Store_D,101.98024309790473,0.10198024309790474
297,Store_E,7.671476901430066,0.007671476901430066
298,Store_A,181.61947856886115,0.18161947856886115
298,Store_B,19.87878973167511,0.01987878973167511
298,Store_C,-12.191166838671206,-0.012191166838671207
298,Store_D,95.67158521109232,0.09567158521109231
298,Store_E,48.6961447415037,0.0486961447415037
299,Store_A,127.83428333316726,0.12783428333316726
299,Store_B,24.2474662702718,0.0242474662702718
299,Store_C,14.50052470989347,0.014500524709893471
299,Store_D,81.27283337074834,0.08127283337074834
299,Store_E,8.279482283485795,0.008279482283485795
300,Store_A,160.97012792612668,0.16097012792612667
300,Store_B,81.45727815766973,0.08145727815766973
300,Store_C,69.8999937523796,0.0698999937523796
300,Store_D,35.51926908754969,0.03551926908754969
300,Store_E,0.049149538239413176,4.9149538239413176e-05
301,Store_A,176.11642975882827,0.17611642975882827
301,Store_B,96.57470518777511,0.09657470518777511
301,Store_C,-1.1667797713214738,-0.0011667797713214739
301,Store_D,-6.832064792281544,-0.006832064792281545
301,Store_E,42.88693199162578,0.04288693199162578
302,Store_A,191.82400606851186,0.19182400606851185
302,Store_B,33.94109931981182,0.03394109931981182
302,Store_C,-27.610246852685744,-0.027610246852685743
302,Store_D,113.05099758823687,0.11305099758823686
302,Store_E,-17.28628701501242,-0.01728628701501242
303,Store_A,119.44097794963227,0.11944097794963227
303,Store_B,49.79231303052369,0.049792313030523686
303,Store_C,-44.985183270275826,-0.04498518327027583
303,Store_D,115.7122695309994,0.11571226953099939
303,Store_E,9.13184275546689,0.00913184275546689
304,Store_A,196.20366325237717,0.19620366325237718
304,Store_B,95.54453387940815,0.09554453387940814
304,Store_C,-6.602183744947789,-0.0066021837449477885
304,Store_D,-13.00199214457058,-0.013001992144570582
304,Store_E,34.29932866732961,0.03429932866732961
305,Store_A,165.8121243613658,0.16581212436136578
305,Store_B,30.452272272452596,0.030452272272452598
305,Store_C,24.552228859438745,0.024552228859438745
305,Store_D,-50.684772595949845,-0.05068477259594985
305,Store_E,47.63644566143898,0.04763644566143898
306,Store_A,155.66026137654617,0.15566026137654618
306,Store_B,78.84049639098548,0.07884049639098548
306,Store_C,-3.947744238187301,-0.003947744238187301
306,Store_D,-83.3923331221066,-0.0833923331221066
306,Store_E,16.372017491652105,0.016372017491652104
307,Store_A,84.39231527656143,0.08439231527656144
307,Store_B,77.24553731335976,0.07724553731335976
307,Store_C,-3.6320779728742143,-0.0036320779728742144
307,Store_D,0.26270565868470597,0.00026270565868470597
307,Store_E,0.45961135169976863,0.00045961135169976866
308,Store_A,153.95631567131423,0.15395631567131424
308,Store_B,30.102644742761463,0.03010264474276146
308,Store_C,34.40042010404298,0.03440042010404298
308,Store_D,110.27900429903106,0.11027900429903106
308,Store_E,-59.380249998559314,-0.059380249998559315
309,Store_A,178.46806805992196,0.17846806805992196
309,Store_B,108.30780120014249,0.1083078012001425
309,Store_C,39.11382762825557,0.03911382762825557
309,Store_D,46.74973074085115,0.04674973074085115
309,Store_E,-13.144555935724,-0.013144555935724
310,Store_A,167.96103009606256,0.16796103009606256
310,Store_B,31.562214519139832,0.03156221451913983
310,Store_C,0.8067250911429447,0.0008067250911429446
310,Store_D,33.063190970837795,0.03306319097083779
310,Store_E,-55.32107709724169,-0.05532107709724169
311,Store_A,178.59541134433732,0.17859541134433732
311,Store_B,37.34880321002362,0.037348803210023616
311,Store_C,4.892937634104504,0.004892937634104504
311,Store_D,-102.90448319212004,-0.10290448319212003
311,Store_E,-62.087357327561556,-0.06208735732756156
312,Store_A,213.73069310111674,0.21373069310111675
312,Store_B,15.575750106765165,0.015575750106765165
312,Store_C,14.109356491617051,0.014109356491617051
312,Store_D,-104.2076984772857,-0.1042076984772857
312,Store_E,-23.36514608740103,-0.02336514608740103
313,Store_A,132.42212972051817,0.13242212972051817
313,Store_B,95.54755383547422,0.09554755383547422
313,Store_C,0.867631355967785,0.000867631355967785
313,Store_D,64.21214797398864,0.06421214797398864
313,Store_E,-22.729660589742775,-0.022729660589742774
314,Store_A,133.71248076906303,0.13371248076906303
314,Store_B,25.968901097433708,0.02596890109743371
314,Store_C,-5.9478199599037085,-0.005947819959903709
314,Store_D,-7.87228734210757,-0.00787228734210757
314,Store_E,32.78998118801238,0.032789981188012386
315,Store_A,163.2785101258746,0.16327851012587458
315,Store_B,106.25515009782549,0.10625515009782549
315,Store_C,-14.384001888969241,-0.01438400188896924
315,Store_D,81.22703789016487,0.08122703789016486
315,Store_E,51.61092570506479,0.051610925705064786
316,Store_A,128.55159441862844,0.12855159441862843
316,Store_B,78.31601515680288,0.07831601515680288
316,Store_C,1.2769960493222428,0.0012769960493222428
316,Store_D,11.204284036343777,0.011204284036343777
316,Store_E,-19.643377378226795,-0.019643377378226794
317,Store_A,134.32624726898078,0.1343262472689808
317,Store_B,19.314175671689053,0.019314175671689054
317,Store_C,-21.62391499153056,-0.02162391499153056
317,Store_D,100.65905535766339,0.1006590553576634
317,Store_E,-51.88025519116072,-0.05188025519116072
318,Store_A,195.0739682655115,0.1950739682655115
318,Store_B,60.334128816053095,0.060334128816053094
318,Store_C,4.2268355384686656,0.0042268355384686655
318,Store_D,162.06085493327595,0.16206085493327596
318,Store_E,33.50546325390809,0.03350546325390809
319,Store_A,185.51951303504285,0.18551951303504285
319,Store_B,58.68161466778952,0.05868161466778952
319,Store_C,33.95551404268605,0.03395551404268605
319,Store_D,8.853074251565962,0.008853074251565961
319,Store_E,-8.69555452530087,-0.00869555452530087
320,Store_A,97.03300390400003,0.09703300390400002
320,Store_B,78.89287895372368,0.07889287895372368
320,Store_C,10.61167355515459,0.010611673555154591
320,Store_D,66.78616004182375,0.06678616004182375
320,Store_E,91.0997683663575,0.0910997683663575
321,Store_A,103.10113407123974,0.10310113407123975
321,Store_B,58.71527503681782,0.058715275036817824
321,Store_C,18.113118369654412,0.018113118369654412
321,Store_D,78.15362474753353,0.07815362474753353
321,Store_E,71.85454212119122,0.07185454212119122
322,Store_A,67.81822808998768,0.06781822808998768
322,Store_B,41.2703006086639,0.0412703006086639
322,Store_C,2.113714639917604,0.002113714639917604
322,Store_D,68.40373589581021,0.06840373589581021
322,Store_E,-23.923146692111207,-0.023923146692111208
323,Store_A,216.5325094442303,0.2165325094442303
323,Store_B,74.54967246759001,0.07454967246759002
323,Store_C,33.78915033166202,0.03378915033166202
323,Store_D,-71.44325124452455,-0.07144325124452455
323,Store_E,32.938184960589474,0.03293818496058947
324,Store_A,69.07680394266676,0.06907680394266676
324,Store_B,29.737872690187032,0.02973787269018703
324,Store_C,22.43840999560861,0.02243840999560861
324,Store_D,-112.09461697990116,-0.11209461697990117
324,Store_E,68.0569444600663,0.0680569444600663
325,Store_A,168.66897905164402,0.16866897905164402
325,Store_B,51.275716302984264,0.05127571630298426
325,Store_C,-5.478748304747871,-0.005478748304747871
325,Store_D,0.5355841626180774,0.0005355841626180774
325,Store_E,-37.52698949304156,-0.03752698949304156
326,Store_A,146.99113251028925,0.14699113251028925
326,Store_B,68.82116966369549,0.06882116966369549
326,Store_C,-0.6346318978114416,-0.0006346318978114416
326,Store_D,157.04961846312455,0.15704961846312454
326,Store_E,37.69065745376596,0.03769065745376596
327,Store_A,115.35637366307999,0.11535637366307999
327,Store_B,122.67313510520306,0.12267313510520306
327,Store_C,0.535840513699158,0.000535840513699158
327,Store_D,137.10700527851688,0.13710700527851688
327,Store_E,-77.97571835890787,-0.07797571835890788
328,Store_A,136.05112329043698,0.13605112329043698
328,Store_B,90.07514855554327,0.09007514855554327
328,Store_C,-43.65065010567346,-0.04365065010567346
328,Store_D,-21.103212537929426,-0.021103212537929426
328,Store_E,-19.058995288348385,-0.019058995288348386
329,Store_A,186.86173388831378,0.18686173388831379
329,Store_B,7.082082321609215,0.007082082321609215
329,Store_C,5.032249114725719,0.005032249114725719
329,Store_D,-97.249246409065,-0.09724924640906499
329,Store_E,12.117883965300289,0.012117883965300289
330,Store_A,187.9648876122505,0.1879648876122505
330,Store_B,53.53795385848216,0.05353795385848216
330,Store_C,1.525451027033266,0.001525451027033266
330,Store_D,-36.89008269882074,-0.03689008269882074
330,Store_E,89.8485810844145,0.0898485810844145
331,Store_A,159.2250174929573,0.1592250174929573
331,Store_B,70.46073840341568,0.07046073840341567
331,Store_C,10.053249176367697,0.010053249176367697
331,Store_D,-27.66094964728382,-0.02766094964728382
331,Store_E,-27.20992131134884,-0.02720992131134884
332,Store_A,140.5057823092667,0.1405057823092667
332,Store_B,132.85123738097494,0.13285123738097493
332,Store_C,6.672113613861115,0.006672113613861115
332,Store_D,61.17142646996919,0.06117142646996919
332,Store_E,33.11207611751775,0.03311207611751775
333,Store_A,124.266965662916,0.12426696566291599
333,Store_B,104.11782108839255,0.10411782108839254
333,Store_C,16.400936740860622,0.01640093674086062
333,Store_D,-12.404638682832932,-0.012404638682832932
333,Store_E,75.05562029472385,0.07505562029472385
334,Store_A,140.06899198454133,0.1400689919845413
334,Store_B,23.568999184946655,0.023568999184946655
334,Store_C,-10.37487042622055,-0.01037487042622055
334,Store_D,43.71122354523427,0.04371122354523427
334,Store_E,74.89326623361893,0.07489326623361893
335,Store_A,116.6051760618185,0.1166051760618185
335,Store_B,50.173626972596935,0.05017362697259693
335,Store_C,14.329012076554177,0.014329012076554177
335,Store_D,16.346980074880573,0.016346980074880575
335,Store_E,65.50250101482237,0.06550250101482237
336,Store_A,192.05641238708753,0.19205641238708754
336,Store_B,22.02755121332585,0.02202755121332585
336,Store_C,21.304576117240384,0.021304576117240383
336,Store_D,164.89652195759047,0.16489652195759047
336,Store_E,52.3169613199242,0.05231696131992419
337,Store_A,135.4365182554251,0.1354365182554251
337,Store_B,103.6783393854973,0.1036783393854973
337,Store_C,5.41146282722603,0.00541146282722603
337,Store_D,54.102751908739364,0.054102751908739366
337,Store_E,88.64771291563117,0.08864771291563117
338,Store_A,213.67957224319323,0.21367957224319323
338,Store_B,123.71335031124394,0.12371335031124395
338,Store_C,16.757744961735288,0.016757744961735287
338,Store_D,46.94163690931139,0.04694163690931139
338,Store_E,28.810049573522644,0.028810049573522643
339,Store_A,110.59028555612598,0.11059028555612598
339,Store_B,43.64351850917837,0.04364351850917837
339,Store_C,15.09791640984303,0.01509791640984303
339,Store_D,-33.314652424626,-0.033314652424625994
339,Store_E,55.92965606844437,0.055929656068444376
340,Store_A,161.68044219597434,0.16168044219597433
340,Store_B,83.55947007571318,0.08355947007571318
340,Store_C,4.744919495237223,0.004744919495237223
340,Store_D,132.60159622420926,0.13260159622420925
340,Store_E,-50.365816107917325,-0.05036581610791733
341,Store_A,130.0127226073789,0.1300127226073789
341,Store_B,16.370268328318055,0.016370268328318054
341,Store_C,40.03751896123654,0.04003751896123654
341,Store_D,32.64004823317208,0.032640048233172084
341,Store_E,-30.01685698055028,-0.03001685698055028
342,Store_A,241.65204460427333,0.24165204460427334
342,Store_B,85.77251462462694,0.08577251462462694
342,Store_C,-4.980751823950483,-0.004980751823950483
342,Store_D,71.46937963265543,0.07146937963265543
342,Store_E,-14.772490060788186,-0.014772490060788186
343,Store_A,144.4018051908136,0.1444018051908136
343,Store_B,55.79952364792815,0.055799523647928145
343,Store_C,27.939097482412315,0.027939097482412314
343,Store_D,137.01295125338132,0.1370129512533813
343,Store_E,16.67825991511296,0.01667825991511296
344,Store_A,86.71729588733868,0.08671729588733867
344,Store_B,69.4409162316838,0.0694409162316838
344,Store_C,2.662067492103874,0.002662067492103874
344,Store_D,-2.4552349817231685,-0.0024552349817231686
344,Store_E,-41.52498303076507,-0.04152498303076507
345,Store_A,211.29728473530304,0.21129728473530304
345,Store_B,43.612486638124196,0.0436124866381242
345,Store_C,2.4672833551884557,0.0024672833551884557
345,Store_D,140.13321685870022,0.14013321685870023
345,Store_E,91.50026693270404,0.09150026693270404
346,Store_A,68.38991724362248,0.06838991724362248
346,Store_B,45.432564647034525,0.045432564647034525
346,Store_C,-8.6680677186486,-0.0086680677186486
346,Store_D,5.124412773084293,0.005124412773084293
346,Store_E,-28.84509500769287,-0.02884509500769287
347,Store_A,176.1971002913471,0.1761971002913471
347,Store_B,106.02417083219143,0.10602417083219143
347,Store_C,27.665888509806265,0.027665888509806266
347,Store_D,49.10011492517826,0.04910011492517826
347,Store_E,51.149803359901476,0.05114980335990148
348,Store_A,79.77789426037467,0.07977789426037467
348,Store_B,112.08145938981254,0.11208145938981254
348,Store_C,28.943579305779966,0.028943579305779968
348,Store_D,18.38069306848594,0.01838069306848594
348,Store_E,39.96148139268747,0.039961481392687466
349,Store_A,118.16074327104161,0.1181607432710416
349,Store_B,81.79023635709056,0.08179023635709057
349,Store_C,19.420313037762924,0.019420313037762923
349,Store_D,205.15191245063434,0.20515191245063435
349,Store_E,39.37843890777814,0.03937843890777814
350,Store_A,182.93778061363054,0.18293778061363053
350,Store_B,74.03565158230737,0.07403565158230736
350,Store_C,8.41071566211537,0.00841071566211537
350,Store_D,151.3699653400132,0.1513699653400132
350,Store_E,-44.874914774862596,-0.04487491477486259
351,Store_A,174.06109976772572,0.1740610997677257
351,Store_B,44.32394741018887,0.04432394741018887
351,Store_C,26.549494095140624,0.026549494095140624
351,Store_D,101.66223314053083,0.10166223314053083
351,Store_E,-89.46984261774836,-0.08946984261774836
352,Store_A,146.83301521905474,0.14683301521905473
352,Store_B,98.55868286040348,0.09855868286040348
352,Store_C,2.0237472881496616,0.0020237472881496615
352,Store_D,-24.337288963897308,-0.024337288963897308
352,Store_E,105.14842963853282,0.10514842963853281
353,Store_A,91.90705095729399,0.09190705095729398
353,Store_B,118.75226019985614,0.11875226019985614
353,Store_C,31.817915088073267,0.031817915088073266
353,Store_D,19.68518407832304,0.01968518407832304
353,Store_E,-66.02592287259706,-0.06602592287259706
354,Store_A,107.36481943045433,0.10736481943045434
354,Store_B,93.74464752026768,0.09374464752026768
354,Store_C,65.89623887969078,0.06589623887969079
354,Store_D,-1.8047650442946928,-0.0018047650442946928
354,Store_E,-32.15112228099842,-0.03215112228099842
355,Store_A,80.44306495392271,0.08044306495392271
355,Store_B,103.66101101934173,0.10366101101934173
355,Store_C,19.59231040785419,0.01959231040785419
355,Store_D,151.7369937734683,0.1517369937734683
355,Store_E,13.58882483338316,0.01358882483338316
356,Store_A,72.88332870138437,0.07288332870138438
356,Store_B,72.8047730025166,0.0728047730025166
356,Store_C,50.672465356764725,0.05067246535676472
356,Store_D,-17.036609687402038,-0.01703660968740204
356,Store_E,27.103930137481825,0.027103930137481826
357,Store_A,11.526927145694893,0.011526927145694893
357,Store_B,69.28167307304928,0.06928167307304928
357,Store_C,12.94171909097956,0.012941719090979562
357,Store_D,72.52709283649043,0.07252709283649042
357,Store_E,-15.175243249805817,-0.015175243249805816
358,Store_A,112.77908437240852,0.11277908437240852
358,Store_B,124.79074494970914,0.12479074494970914
358,Store_C,-6.516990524858102,-0.006516990524858102
358,Store_D,49.25659841955729,0.04925659841955729
358,Store_E,18.53725465965122,0.018537254659651222
359,Store_A,163.25472161383962,0.1632547216138396
359,Store_B,66.77528170187553,0.06677528170187552
359,Store_C,13.213196808079562,0.013213196808079562
359,Store_D,-14.918035607756861,-0.014918035607756862
359,Store_E,-53.62447988208025,-0.05362447988208025
360,Store_A,102.596274571079,0.10259627457107899
360,Store_B,78.71316661691917,0.07871316661691917
360,Store_C,-15.229402254039904,-0.015229402254039903
360,Store_D,57.27058283105428,0.057270582831054274
360,Store_E,81.73333085996548,0.08173333085996548
361,Store_A,158.07806375245224,0.15807806375245223
361,Store_B,111.96371308360156,0.11196371308360156
361,Store_C,38.60780131991407,0.038607801319914065
361,Store_D,-53.44236314123701,-0.05344236314123701
361,Store_E,9.31604474076619,0.009316044740766189
362,Store_A,205.2083668825097,0.2052083668825097
362,Store_B,12.177873197042056,0.012177873197042055
362,Store_C,15.955550223059529,0.015955550223059528
362,Store_D,177.40702994737197,0.17740702994737198
362,Store_E,-3.814962374788452,-0.003814962374788452
363,Store_A,76.49630093976666,0.07649630093976666
363,Store_B,48.90476039171904,0.04890476039171904
363,Store_C,6.045621783478179,0.006045621783478179
363,Store_D,51.83651016113224,0.05183651016113224
363,Store_E,34.68633804362312,0.034686338043623116
364,Store_A,179.09779542881498,0.179097795428815
364,Store_B,70.27581004941352,0.07027581004941352
364,Store_C,50.09778949453353,0.05009778949453353
364,Store_D,153.39890438948962,0.1533989043894896
364,Store_E,-57.88169151917798,-0.05788169151917798
