round,regret1_mean,regret1_std,regret2_mean,regret2_std
0,0.0,0.0,4.897959183673478,8.881784197001252e-15
1,4.665306122448979,2.7478013625800144,4.929591836734694,2.7530489326664687
2,5.988775510204084,3.054846928124068,6.486734693877549,2.5148147054833783
3,7.4642857142857135,3.754502364494916,8.282653061224492,3.1881854147880198
4,8.36938775510204,4.111623997284251,9.920408163265309,4.0763123488860575
5,9.370408163265306,4.573957368169372,11.528571428571432,4.8626700672837115
6,9.871428571428574,4.77332105762857,13.692857142857138,5.6714997131492115
7,10.559183673469388,4.956904658159915,15.714285714285717,6.560565872933108
8,11.022448979591836,5.157150933180563,17.77448979591837,7.564407534595009
9,11.557142857142862,5.385254135054851,19.189795918367356,8.326503351295909
10,12.057142857142857,5.280052124488715,20.985714285714288,8.772201796860807
11,12.55612244897959,5.485913485662917,22.242857142857147,8.862219696132788
12,12.848979591836738,5.613815735638518,24.087755102040816,9.182628285195547
13,13.19183673469388,5.757147559482703,25.937755102040818,9.450133210752004
14,13.535714285714288,5.791270322938893,27.39183673469387,9.148484966166619
15,13.908163265306126,5.792369206514126,28.748979591836736,9.320238801230008
16,14.194897959183677,5.923518078866132,30.190816326530623,9.66243725305911
17,14.475510204081639,6.021100271528461,31.69285714285715,10.301565925452861
18,14.877551020408168,6.081067635717495,32.751020408163264,10.715567658974523
19,15.23979591836735,6.155004854291466,34.02857142857142,11.206214064198697
20,15.555102040816337,6.218386435608298,34.95102040816324,11.063375045102108
21,15.788775510204086,6.164006155635622,36.17346938775509,11.414883384521088
22,15.940816326530621,6.168358147222254,37.51224489795919,11.310751833487183
23,16.24489795918367,6.221411082039865,38.47244897959184,11.306485802383522
24,16.42346938775511,6.21930823139797,39.44795918367348,11.591145917544093
25,16.57244897959184,6.210859867995337,40.34387755102043,11.573854755908702
26,16.73673469387755,6.1993970632921105,41.64081632653063,11.57861310992618
27,16.90918367346939,6.213126043733429,42.8530612244898,11.461022804783981
28,17.13673469387755,6.187441096442794,43.82755102040817,11.469882469902917
29,17.39795918367347,6.197894000853375,44.63673469387758,11.663888604410344
30,17.637755102040817,6.242519471690551,45.43469387755102,11.73639402058461
31,17.78775510204082,6.253759885304234,46.531632653061244,11.670619166455852
32,17.8969387755102,6.268594081751182,47.56530612244901,11.7112100420806
33,18.11224489795918,6.392993548718201,48.5887755102041,12.051681840874725
34,18.277551020408158,6.3990947141906585,49.37244897959185,12.071677632981917
35,18.450000000000003,6.387652326877449,50.435714285714305,12.43702047688101
36,18.664285714285715,6.398749991812925,51.33061224489798,12.4866936256544
37,18.821428571428577,6.451842799557662,52.16122448979591,12.69822732088531
38,18.903061224489804,6.474783287280186,52.90408163265308,12.856393078235085
39,19.015306122448987,6.479284501790588,53.85408163265308,12.934814424577219
40,19.188775510204085,6.482867161904559,54.670408163265336,13.193769867136375
41,19.289795918367364,6.459109842567376,55.59795918367347,13.291066196875615
42,19.390816326530622,6.45131149715463,56.56326530612248,13.417757260903802
43,19.54897959183674,6.53474327251278,57.40612244897959,13.803570664821084
44,19.6530612244898,6.6144176324457975,58.32346938775508,14.114876870270272
45,19.74387755102041,6.610929810644355,59.20816326530611,14.351061328910125
46,19.781632653061227,6.651934611008886,60.220408163265255,14.529241508379915
47,19.880612244897954,6.668522397210588,61.24183673469386,14.839703370573616
48,19.97653061224489,6.663223973994392,62.21530612244894,14.985084177721895
49,20.144897959183663,6.706669894556642,63.010204081632644,15.009441010584942
50,20.27244897959183,6.739640344880618,63.687755102040775,15.093047653259326
51,20.340816326530607,6.686161244435334,64.29081632653056,15.154565135292287
52,20.5,6.7784678201767194,64.854081632653,15.306457513339371
53,20.570408163265306,6.8095269611333755,65.46326530612241,15.181049669063087
54,20.657142857142848,6.856297323963245,66.1744897959183,15.232335718362469
55,20.740816326530602,6.875107359731196,66.93673469387751,15.359403725367523
56,20.78775510204081,6.877552231575019,67.6020408163265,15.295925174604688
57,20.87755102040815,6.934692676364147,68.119387755102,15.406718779432609
58,20.965306122448965,6.9560322626947455,68.80816326530609,15.441340682805546
59,21.034693877550993,6.949062302843191,69.61428571428567,15.6119619822305
60,21.098979591836706,6.948700210152898,70.46836734693876,15.569643724438777
61,21.197959183673444,7.033501376104474,71.09693877551017,15.571190351776634
62,21.2581632653061,7.06622235243327,71.76020408163265,15.430463488077493
63,21.330612244897935,7.091710760883796,72.52142857142854,15.547520195031424
64,21.382653061224474,7.042182283943188,73.14693877551014,15.4630575061521
65,21.392857142857125,7.038514486198647,74.0132653061224,15.32635434964813
66,21.44999999999998,7.021584129676803,74.64183673469385,15.133210353452165
67,21.558163265306103,7.021518288474747,75.33979591836732,15.145745193267684
68,21.58571428571426,7.022890816364417,76.22857142857143,15.369927690715565
69,21.612244897959155,7.023788934429809,76.9357142857143,15.224075711116535
70,21.69081632653059,7.049185428260436,77.47448979591836,15.027015620507438
71,21.797959183673473,7.044790064678552,78.25204081632653,14.920053891377702
72,21.87142857142856,7.051754591269725,78.75612244897957,15.088277615677201
73,21.949999999999996,7.0566502672716895,79.2959183673469,15.091105389959932
74,22.018367346938767,7.02885082049167,79.94081632653061,15.02851780300598
75,22.041836734693867,7.04735713634884,80.51326530612243,14.964183638330613
76,22.119387755102036,7.091298687561968,81.21836734693878,14.955520753206235
77,22.13775510204081,7.103790762004283,81.79897959183668,14.921421663103866
78,22.190816326530612,7.143024123412652,82.21020408163265,14.90578645373155
79,22.232653061224497,7.143065303089301,82.79387755102037,15.013999991733353
80,22.281632653061237,7.1552592040669225,83.46836734693873,14.908037512215964
81,22.344897959183683,7.170413027882054,83.98061224489791,15.102278645397007
82,22.357142857142858,7.164493469921638,84.51530612244895,15.090504246346292
83,22.390816326530604,7.170663877899485,85.14795918367345,15.028533010792364
84,22.420408163265293,7.165010543836931,85.77755102040814,15.116490467311271
85,22.478571428571417,7.185329919760815,86.4734693877551,15.29342548200894
86,22.531632653061223,7.190434767449001,87.06020408163268,15.48300982672492
87,22.558163265306117,7.2005433728739945,87.31734693877556,15.693925950669772
88,22.581632653061224,7.203105963878615,88.01632653061228,15.78456534478218
89,22.63265306122449,7.185325644887204,88.65816326530614,15.90427407918511
90,22.662244897959173,7.195825398475675,89.4173469387755,15.889824587014202
91,22.72244897959182,7.1937817333320595,89.90204081632653,15.994746899003507
92,22.802040816326535,7.284676939813525,90.64897959183665,16.050157741131468
93,22.847959183673456,7.27614839631617,91.18265306122443,16.083342490424887
94,22.878571428571412,7.256763709362975,91.64591836734694,15.980065250891213
95,22.903061224489793,7.2682918509546495,92.16326530612245,15.93897149008052
96,22.935714285714266,7.242409101098315,92.59387755102038,15.761690887247978
97,22.9673469387755,7.2419896433348265,93.24183673469388,15.510874414891493
98,23.02244897959183,7.244334269534105,93.68877551020412,15.347504433507293
99,23.059183673469377,7.260316734393543,94.24285714285719,15.108404478332
100,23.109183673469378,7.261915268675976,94.69999999999999,15.171474554239515
101,23.13877551020406,7.260390448939609,95.19591836734688,15.084205408682555
102,23.188775510204078,7.273361376577252,95.52857142857145,14.932204002362793
103,23.21020408163263,7.290820539551197,95.9071428571428,14.896211073005395
104,23.252040816326506,7.294650310811186,96.1316326530612,14.819278498024088
105,23.269387755102045,7.307859786596768,96.49693877551019,14.895338426181764
106,23.301020408163257,7.296573040414995,96.68061224489792,14.627859453052558
107,23.3173469387755,7.309335386915648,97.05918367346943,14.460248545754597
108,23.34183673469387,7.311199567013926,97.5051020408164,14.55168855980952
109,23.380612244897947,7.2946788586027385,97.89489795918367,14.505529364088886
110,23.41632653061223,7.314447428970303,98.42857142857143,14.5775868767898
111,23.442857142857136,7.311131847825839,99.0357142857143,14.659131076114484
112,23.474489795918352,7.329249893292905,99.55510204081635,14.641719503556425
113,23.489795918367335,7.321227686926225,100.09999999999997,14.662011790824254
114,23.54591836734692,7.357466592554688,100.4897959183673,14.728304341347163
115,23.58061224489795,7.3250822142870335,101.01836734693876,14.6702047118998
116,23.603061224489803,7.349385859475195,101.56224489795918,14.640419302150276
117,23.647959183673482,7.380173906406045,101.98469387755098,14.538466512604046
118,23.692857142857157,7.395540702503274,102.42142857142852,14.555083262260833
119,23.706122448979595,7.393205791697149,102.87857142857138,14.603294310064847
120,23.73877551020407,7.3830958359811625,103.40816326530609,14.722046412176049
121,23.745918367346928,7.390309838466743,103.8755102040816,14.784928923804992
122,23.749999999999982,7.3882395686229305,104.39489795918367,14.739973437943178
123,23.752040816326506,7.388767759551088,105.05204081632648,14.762146503396957
124,23.775510204081606,7.401343349819988,105.6204081632653,14.823511778850737
125,23.797959183673434,7.408073030315694,106.13265306122443,14.841614867046136
126,23.82346938775507,7.419391263587545,106.5948979591836,15.00027526472407
127,23.845918367346904,7.422776038874005,107.19489795918362,15.04515966834732
128,23.878571428571387,7.441896198801481,107.73469387755094,14.982587422211965
129,23.881632653061196,7.440922676593971,108.31122448979579,15.015037409094344
130,23.916326530612217,7.443145324941392,108.95714285714281,15.019746685745321
131,23.92653061224488,7.466829047638365,109.43163265306123,14.970276360253829
132,23.94897959183673,7.468795281509712,109.86326530612237,14.938811893565617
133,23.971428571428564,7.4489890970026424,110.37040816326524,14.97071732197653
134,23.97244897959183,7.449053046884166,110.82244897959177,14.895413676858684
135,23.988775510204068,7.4575306663902134,111.37857142857129,15.083085836206026
136,24.023469387755082,7.471565632644591,111.95918367346931,15.173335574393187
137,24.03061224489793,7.474731834208926,112.5326530612244,15.141828310943358
138,24.05714285714282,7.469124563223019,112.9112244897959,15.190491495067771
139,24.059183673469356,7.469256439126745,113.54081632653049,15.193946080628418
140,24.079591836734668,7.4764377903174415,114.10510204081618,15.244111493797242
141,24.11224489795914,7.462672625509942,114.6765306122448,15.27013493826772
142,24.137755102040778,7.472556690888486,115.17040816326521,15.30588472604515
143,24.148979591836692,7.472526662862906,115.6938775510203,15.313114049430979
144,24.188775510204035,7.514187261712454,116.1867346938775,15.366267239898084
145,24.190816326530562,7.5106928495567775,116.49183673469379,15.370421271470587
146,24.202040816326484,7.507158599456995,116.9418367346938,15.340617286597773
147,24.244897959183632,7.518531873490649,117.42040816326512,15.419850142775612
148,24.268367346938717,7.516455015608486,117.86224489795899,15.538309491358145
149,24.28877551020402,7.509808316435554,118.40306122448966,15.645771491237486
150,24.30816326530606,7.518429114063029,118.91530612244884,15.768193084852294
151,24.332653061224406,7.529359721068341,119.30204081632638,15.843181414553232
152,24.33775510204073,7.531282739356221,119.87244897959177,15.935197637309328
153,24.36326530612236,7.541004388585879,120.19489795918362,15.946182494616195
154,24.38061224489786,7.526480463222202,120.56020408163256,16.02672106867917
155,24.398979591836635,7.51879354361591,120.94387755102026,16.140118030469445
156,24.40408163265296,7.517821669133703,121.40306122448969,16.291993923831456
157,24.42346938775501,7.534460260711555,121.7714285714285,16.321150389014374
158,24.440816326530527,7.531918475286842,122.14693877551015,16.467155350306015
159,24.461224489795846,7.536432129738019,122.46530612244892,16.54570185564444
160,24.466326530612164,7.528950856499444,122.94081632653057,16.69130375348952
161,24.476530612244837,7.524715004683419,123.46326530612238,16.738991608416512
162,24.488775510204064,7.525114067747547,123.91836734693868,16.79075353921992
163,24.505102040816297,7.533285502508699,124.28571428571418,16.81666088433207
164,24.530612244897952,7.55493555423576,124.71836734693865,16.946912970370782
165,24.554081632653055,7.541177465048221,125.07857142857128,16.994553204156674
166,24.59489795918364,7.519355213856716,125.50714285714275,17.007167407654492
167,24.603061224489743,7.517159254464223,125.84081632653054,16.845440668134003
168,24.62448979591833,7.525243924725293,126.16938775510198,16.86416084085729
169,24.64285714285713,7.539753038730722,126.45510204081629,16.971812017735363
170,24.656122448979595,7.530621301360707,126.92040816326525,17.030232445845115
171,24.669387755102044,7.529355572376564,127.32142857142851,17.022502532279812
172,24.679591836734673,7.534648826893479,127.83367346938766,17.178787994973863
173,24.70612244897956,7.542967023671827,128.34285714285707,17.146623250063865
174,24.72142857142856,7.55006688684517,128.6948979591836,17.152471156187534
175,24.722448979591817,7.54928385988822,129.18775510204077,17.277555841613
176,24.744897959183664,7.550324016426089,129.654081632653,17.286225656845655
177,24.76224489795918,7.543019133674482,130.16530612244887,17.374328796374485
178,24.773469387755085,7.535471857153664,130.53265306122444,17.359836621644575
179,24.79285714285712,7.523439078540721,130.8489795918367,17.40721149633959
180,24.79693877551019,7.52586121630371,131.2469387755101,17.437217541850792
181,24.80102040816324,7.52523693727312,131.60306122448975,17.599886262695136
182,24.814285714285706,7.530700458528777,132.03979591836725,17.746628842598987
183,24.831632653061217,7.516140829547869,132.44999999999996,17.66842845935194
184,24.862244897959155,7.5148107959854205,132.7653061224489,17.594023610462024
185,24.879591836734672,7.512136231049927,133.0877551020408,17.55811804753269
186,24.88877551020406,7.516940398943334,133.50408163265297,17.40859522874832
187,24.89999999999998,7.504461813173082,133.89795918367346,17.41128521901597
188,24.92857142857143,7.531752858699765,134.41530612244895,17.50097191922348
189,24.94591836734694,7.541202318143022,134.73877551020405,17.58425495978225
190,24.952040816326516,7.539697177453291,135.25204081632648,17.557583342238654
191,24.977551020408164,7.558911761760065,135.61632653061224,17.602510611890878
192,24.981632653061226,7.557627831688735,136.10714285714286,17.733545294057098
193,24.98673469387755,7.555468284599174,136.46836734693875,17.815624591684546
194,24.993877551020397,7.551693571759221,136.79489795918366,17.89787247203993
195,24.994897959183664,7.553879422898754,137.18061224489796,17.92528488455395
196,25.003061224489773,7.550295814654952,137.48163265306118,17.879518808858275
197,25.007142857142835,7.5454371940252365,137.82551020408167,17.831869549680313
198,25.012244897959153,7.544857937659154,138.2234693877552,17.902392203434125
199,25.0173469387755,7.543626481990712,138.65306122448976,17.898907428397983
200,25.019387755102024,7.543925168997573,138.98163265306127,17.96743189531968
201,25.024489795918353,7.544910931632252,139.3734693877551,17.99264635294576
202,25.024489795918353,7.544910931632269,139.730612244898,18.073531607657905
203,25.0377551020408,7.5704061001672045,140.11938775510208,18.06059640900307
204,25.053061224489785,7.5689043594718255,140.50204081632663,18.11288978443773
205,25.053061224489785,7.5689043594718255,140.9081632653062,18.02801339504974
206,25.07142857142857,7.572315531963662,141.3214285714286,18.044090656550758
207,25.093877551020388,7.57050272132312,141.62755102040822,18.048856453626918
208,25.094897959183662,7.569396490054968,142.09081632653067,17.984591807497264
209,25.102040816326518,7.563227859858599,142.45408163265316,17.961638138165814
210,25.114285714285714,7.567429495619928,142.85102040816338,18.060058880870418
211,25.114285714285707,7.5674294956199315,143.28775510204082,18.050524791017903
212,25.13265306122449,7.568478164352545,143.79183673469396,18.132665809144115
213,25.152040816326533,7.576961713839824,144.21938775510213,18.214736603348427
214,25.15408163265307,7.578129701379402,144.4642857142858,18.35668837567425
215,25.157142857142876,7.580889902365469,144.7285714285715,18.41591775219357
216,25.162244897959205,7.583920260807225,145.17346938775526,18.370081995909587
217,25.168367346938798,7.582866861939322,145.57653061224505,18.358475039862466
218,25.174489795918404,7.587615336671513,145.85612244897976,18.340841958775126
219,25.19183673469391,7.6042700470703295,146.21938775510225,18.41240151558211
220,25.201020408163302,7.6006704010636845,146.6102040816329,18.433478339653
221,25.205102040816367,7.605984390088747,147.00306122449004,18.363387640156567
222,25.21224489795921,7.599988491628536,147.43469387755118,18.472448838674783
223,25.2214285714286,7.590534436799213,147.86734693877568,18.508693658420963
224,25.232653061224514,7.604541158461619,148.27040816326553,18.450567561918866
225,25.240816326530616,7.597245714115703,148.5918367346941,18.405923208653437
226,25.246938775510202,7.595157546693821,148.91530612244915,18.32013009794134
227,25.252040816326534,7.6026976157853206,149.34795918367374,18.229521981622707
228,25.260204081632672,7.61019799311275,149.82142857142887,18.224080571084787
229,25.271428571428583,7.6081569698668865,150.1857142857146,18.250098446158024
230,25.276530612244915,7.616146275509853,150.56632653061254,18.24452343472598
231,25.286734693877584,7.609668752139254,150.8285714285717,18.174069705562353
232,25.292857142857173,7.609339805126838,151.1612244897962,18.184742976861838
233,25.293877551020433,7.609457825397392,151.45408163265336,18.25561466181154
234,25.294897959183714,7.60824832165383,151.9081632653064,18.359893612465644
235,25.300000000000033,7.602401306341128,152.36020408163301,18.39731486641578
236,25.31326530612248,7.600133372533673,152.78571428571465,18.463955114870803
237,25.31530612244901,7.5972535947159345,153.1775510204085,18.5491008413927
238,25.31632653061227,7.597642886189939,153.55714285714322,18.62228414799846
239,25.323469387755136,7.60074711632772,153.94285714285755,18.709831441956414
240,25.32346938775514,7.600747116327712,154.37346938775545,18.84859897884248
241,25.332653061224534,7.595204706081367,154.83775510204123,18.931308427457118
242,25.34285714285719,7.587961486253612,155.08061224489836,18.986778840038408
243,25.350000000000065,7.587203092741907,155.52551020408202,19.110844032690256
244,25.354081632653124,7.588084092833773,155.87551020408205,19.15737548313738
245,25.36734693877559,7.579537986247229,156.20000000000056,19.176866573517838
246,25.372448979591937,7.584555634528732,156.58673469387807,19.092381426364177
247,25.372448979591937,7.58455563452873,157.02346938775563,19.096464033094197
248,25.380612244898057,7.578340744394612,157.55306122449025,19.196505586664866
249,25.380612244898057,7.578340744394612,157.8632653061229,19.190401664243048
250,25.380612244898057,7.578340744394611,158.21326530612296,19.17207907874311
251,25.381632653061335,7.57762302301219,158.50000000000048,19.31151766957229
252,25.400000000000137,7.579794596872603,158.88367346938833,19.25523355243137
253,25.402040816326654,7.576856242572969,159.27857142857195,19.405750268461077
254,25.404081632653195,7.579907788520017,159.47653061224548,19.319211030141744
255,25.407142857143,7.581124423320476,159.85102040816378,19.233372552461237
256,25.412244897959354,7.580402295311749,160.14693877551076,19.388508685676573
257,25.412244897959344,7.58040229531175,160.57244897959242,19.496397508943364
258,25.412244897959354,7.580402295311755,160.85204081632713,19.51850313949111
259,25.417346938775673,7.587296961172007,161.19081632653118,19.49469462423787
260,25.41836734693895,7.586479072865903,161.6265306122455,19.479823391574286
261,25.424489795918543,7.587332984932187,161.9520408163271,19.41435691103491
262,25.43061224489813,7.586960525302281,162.27448979591898,19.377974412629428
263,25.443877551020588,7.597572649368517,162.5428571428578,19.417794558669467
264,25.455102040816538,7.607721750787246,162.7816326530619,19.355847105190485
265,25.468367346938987,7.615008731173175,163.170408163266,19.361159282302285
266,25.473469387755312,7.613455613080394,163.48367346938846,19.284262012050977
267,25.474489795918572,7.61252359012741,163.7561224489803,19.32162025739793
268,25.487755102041046,7.617435173156588,164.03979591836807,19.312345800890945
269,25.49489795918391,7.612250027355093,164.31836734693957,19.24174276730223
270,25.508163265306383,7.631506789403952,164.71224489795986,19.26853451417693
271,25.54081632653086,7.645499665785467,164.93367346938845,19.318686720411723
272,25.54897959183698,7.651888073348143,165.25510204081712,19.180560429134278
273,25.54897959183698,7.651888073348143,165.6418367346947,19.091519292946497
274,25.54897959183698,7.651888073348142,165.90000000000077,19.10986332503547
275,25.551020408163502,7.647984710853148,166.19183673469468,19.088298955588044
276,25.55612244897982,7.659961175238693,166.45204081632733,19.125268534100435
277,25.566326530612503,7.663019031886138,166.8224489795927,19.1460824705519
278,25.56836734693903,7.658355379716536,167.0112244897967,19.15715870080188
279,25.57244897959211,7.65731711596242,167.29285714285797,19.003646458435217
280,25.57346938775536,7.656404439831592,167.60612244898047,18.960679737110972
281,25.575510204081866,7.656740884101074,167.9071428571437,18.929154482466217
282,25.58265306122472,7.656819417367217,168.1989795918376,18.90899959052209
283,25.58571428571453,7.661378065937117,168.57959183673563,18.89748908482149
284,25.586734693877787,7.661660135157182,168.90612244898054,18.847345276987962
285,25.59387755102065,7.66161943248276,169.1938775510214,18.879980538642553
286,25.600000000000218,7.651786016206825,169.49285714285813,18.906791777082496
287,25.60714285714309,7.66297826849053,169.78367346938867,18.857928466716775
288,25.609183673469634,7.662802711655332,170.04081632653157,18.807071963804617
289,25.612244897959453,7.661926837648218,170.36632653061324,18.881505901221786
290,25.613265306122695,7.662504310159187,170.69897959183777,18.797632126219614
291,25.61326530612272,7.662504310159205,170.96020408163363,18.787579832875576
292,25.615306122449272,7.6668237478552195,171.29795918367435,18.83210237776646
293,25.6244897959187,7.665014882211572,171.56326530612333,18.7973025704052
294,25.627551020408465,7.6642825896163425,171.85102040816426,18.831200792354235
295,25.638775510204415,7.658754616932437,172.21326530612347,18.779828113741367
296,25.63979591836767,7.658159594283313,172.43265306122555,18.73501466978914
297,25.650000000000347,7.654199303133988,172.8102040816337,18.809510142569156
298,25.659183673469705,7.646901194332691,173.13775510204195,18.805689891711072
299,25.673469387755393,7.658365508757337,173.42653061224595,18.812370539030677
300,25.678571428571722,7.653773776352202,173.63571428571538,18.67725876015624
301,25.694897959184008,7.653492436831368,173.88673469387857,18.576586494991787
302,25.696938775510542,7.651156973974692,174.08775510204188,18.548179100341795
303,25.69795918367381,7.651315719310622,174.30714285714393,18.55421547551123
304,25.71530612244929,7.642530101174425,174.57448979591948,18.499609139583594
305,25.71530612244929,7.642530101174425,174.81122448979707,18.471588407624967
306,25.71530612244929,7.642530101174425,175.00102040816432,18.416377273911415
307,25.715306122449302,7.6425301011744144,175.29489795918474,18.393693660390788
308,25.721428571428888,7.643752910641191,175.54795918367455,18.370020525368354
309,25.725510204081957,7.639605790532472,175.73775510204192,18.42647430267079
310,25.73571428571464,7.648982518567279,175.90102040816433,18.295460543801198
311,25.73571428571464,7.648982518567279,176.13469387755214,18.379538357570357
312,25.73979591836769,7.646410375365024,176.3510204081643,18.35940372460022
313,25.74285714285751,7.6437641487915124,176.5632653061235,18.316652717236476
314,25.744897959184044,7.643946953716935,176.67857142857258,18.21842332813398
315,25.744897959184044,7.643946953716935,176.86734693877668,18.134702949374603
316,25.757142857143226,7.656953839971654,177.17959183673585,18.143233163386007
317,25.761224489796312,7.659513198673354,177.25204081632776,18.05954249633717
318,25.77142857142897,7.674152162415961,177.49387755102157,18.042936203829893
319,25.78163265306169,7.679033751083082,177.76122448979706,17.94561071051712
320,25.790816326531075,7.672171717782446,178.0795918367359,17.973686050837202
321,25.790816326531086,7.672171717782436,178.26530612245017,17.981468085289617
322,25.793877551020877,7.670952963415473,178.40102040816456,18.05542426754487
323,25.80204081632702,7.679085276725094,178.78775510204204,17.99856697521173
324,25.803061224490293,7.677819205137258,178.9387755102055,18.04248999531811
325,25.803061224490293,7.6778192051372605,179.22244897959317,18.009147682494483
326,25.80510204081681,7.677741090097161,179.45408163265435,18.05461296606592
327,25.809183673469878,7.672862207306591,179.63571428571555,17.9184095055522
328,25.811224489796405,7.672293860783513,179.94795918367475,17.876342419075804
329,25.81224489795968,7.67135120569502,180.2540816326544,17.886235746969486
330,25.81224489795968,7.6713512056950215,180.51428571428707,17.802346947841304
331,25.820408163265828,7.673468302214568,180.8173469387769,17.872684170037303
332,25.82040816326584,7.673468302214568,181.00306122449126,17.764283662801645
333,25.82040816326584,7.673468302214568,181.30510204081781,17.667042328341402
334,25.82040816326584,7.6734683022145695,181.6469387755117,17.6854605359605
335,25.822448979592355,7.673684050406184,181.92448979591987,17.730225476858113
336,25.82448979591889,7.674903252920725,182.2948979591852,17.731038672428895
337,25.827551020408663,7.670522868393945,182.57959183673623,17.760256582302667
338,25.82857142857194,7.67170898174219,182.78979591836887,17.79575582681822
339,25.829591836735197,7.671035423253419,182.98367346938932,17.8070850567243
340,25.829591836735197,7.67103542325342,183.18571428571585,17.73821376027621
341,25.830612244898465,7.6703752446129965,183.40204081632805,17.68530275005504
342,25.839795918367845,7.668010637079527,183.64387755102192,17.694238250448798
343,25.839795918367855,7.6680106370795285,183.8642857142873,17.64544872433268
344,25.839795918367855,7.6680106370795285,184.07755102040977,17.742770289407925
345,25.842857142857646,7.66667659609801,184.3704081632669,17.78405483026168
346,25.842857142857657,7.666676596098009,184.6673469387772,17.830222390292924
347,25.852040816327072,7.676092894442958,184.9602040816343,17.868776939011042
348,25.863265306122994,7.668439243624187,185.20204081632818,17.794332568363615
349,25.868367346939312,7.670978957023863,185.4469387755118,17.83693772359133
350,25.868367346939312,7.67097895702386,185.64591836734857,17.898616881081445
351,25.87346938775564,7.67445065371592,185.88469387755268,17.967681518039587
352,25.87857142857196,7.682919915890593,186.06224489796085,17.96134666357695
353,25.87857142857196,7.6829199158905945,186.25510204081797,17.955782957244477
354,25.888775510204596,7.685472795256835,186.47040816326702,18.03701880222943
355,25.890816326531176,7.690599840446555,186.72755102040995,17.91702063067104
356,25.890816326531176,7.690599840446555,186.92653061224675,17.874098539057346
357,25.890816326531176,7.690599840446555,187.21326530612407,17.796647938378012
358,25.890816326531176,7.690599840446555,187.44693877551197,17.77351836353037
359,25.90102040816386,7.711397458989974,187.59387755102213,17.8194890476937
360,25.90102040816386,7.711397458989974,187.80102040816507,17.79125673240352
361,25.90102040816386,7.711397458989974,188.01428571428755,17.79209388318394
362,25.90102040816386,7.711397458989974,188.3367346938794,17.802853334194133
363,25.90102040816386,7.711397458989974,188.54387755102226,17.762652951020648
364,25.90102040816386,7.711397458989974,188.80510204081816,17.814580734766935
365,25.90102040816386,7.711397458989974,188.9285714285733,17.833993741672675
366,25.90510204081691,7.709920142026306,189.11326530612428,17.773311650864187
367,25.916326530612814,7.713124575177548,189.31428571428762,17.811037155785602
368,25.91836734693934,7.711666762006411,189.6163265306141,17.8052547592813
369,25.92755102040871,7.705927539367807,189.7877551020426,17.866269854131158
370,25.92755102040871,7.705927539367807,190.06836734694062,17.892362091113377
371,25.92755102040871,7.7059275393678055,190.36020408163458,17.87865441916917
372,25.933673469388303,7.702755325758512,190.55612244898148,17.972463637126914
373,25.938775510204632,7.703926204676529,190.77755102041007,18.027010023268442
374,25.938775510204632,7.703926204676531,190.96224489796106,18.049599942957304
375,25.938775510204632,7.703926204676533,191.20816326530795,18.029210183063643
376,25.93877551020462,7.703926204676533,191.39897959183858,18.004200855304955
377,25.941836734694427,7.702802367096252,191.67040816326724,18.002635601158556
378,25.941836734694427,7.702802367096252,191.87857142857337,18.097111211298323
379,25.941836734694427,7.702802367096251,192.1448979591857,18.12606819440633
380,25.942857142857694,7.7010349429156575,192.40306122449175,18.130091092998217
381,25.95306122449033,7.700306143408339,192.59081632653252,18.169535119415052
382,25.967346938776032,7.686423607356345,192.83163265306305,18.13267531265539
383,25.975510204082152,7.681868503612495,193.12755102041012,18.115428722756167
384,25.979591836735214,7.682812917634296,193.4857142857162,18.140766390861955
385,25.983673469388265,7.680529210039966,193.73469387755293,18.20825659089798
386,25.984693877551525,7.680662810992595,193.94081632653234,18.177292107320756
387,25.98775510204133,7.677483209890819,194.15612244898145,18.10999327769425
388,25.991836734694388,7.678204683085535,194.39183673469572,18.112597984486374
389,26.002040816327035,7.665994242222425,194.573469387757,18.049473751531345
390,26.002040816327035,7.665994242222422,194.79489795918548,17.963731422106985
391,26.002040816327035,7.665994242222421,195.11224489796095,17.95309207913811
392,26.003061224490303,7.665623091727633,195.3500000000017,18.007832155771784
393,26.003061224490303,7.665623091727635,195.55204081632823,18.014612370253484
394,26.003061224490303,7.665623091727636,195.72653061224668,17.994939359875833
395,26.006122448980086,7.662959856952644,196.02959183673656,18.068954272355395
396,26.006122448980086,7.662959856952646,196.20102040816505,18.142144650962674
397,26.006122448980086,7.662959856952644,196.4255102040832,18.15012397225587
398,26.009183673469877,7.659478873792963,196.63265306122608,18.167690357553926
399,26.011224489796415,7.655511104474045,196.9265306122466,18.247056668165424
400,26.011224489796415,7.655511104474047,197.09387755102213,18.288928288972958
401,26.012244897959672,7.656022284308658,197.3183673469404,18.35114410046224
402,26.012244897959672,7.656022284308657,197.63571428571586,18.434836635862336
403,26.012244897959672,7.656022284308656,197.91530612245043,18.41204456457534
404,26.012244897959672,7.656022284308657,198.10408163265453,18.25110141992564
405,26.020408163265785,7.657522509190794,198.32040816326685,18.31122616725734
406,26.02755102040862,7.66706548618944,198.58265306122598,18.255463629049487
407,26.027551020408627,7.667065486189444,198.81326530612398,18.32138043515211
408,26.02755102040862,7.667065486189443,198.9959183673484,18.412443051969937
409,26.027551020408612,7.667065486189442,199.20510204081776,18.52336961199561
410,26.03061224489841,7.664895611793841,199.46632653061366,18.626755750244616
411,26.03061224489841,7.664895611793837,199.69387755102176,18.606879149572872
412,26.03265306122494,7.6630449165300885,199.9357142857157,18.65660917782686
413,26.04081632653109,7.6649295728080125,200.18367346938922,18.650158305798175
414,26.043877551020888,7.661557936379522,200.42551020408297,18.689014690341654
415,26.043877551020884,7.66155793637952,200.69081632653194,18.704662554858917
416,26.04693877551067,7.664054960810295,200.96326530612373,18.787547827025822
417,26.04693877551067,7.664054960810295,201.20000000000124,18.827330440396572
418,26.054081632653546,7.678828119650469,201.4367346938786,18.844160651792492
419,26.054081632653546,7.6788281196504675,201.7173469387766,18.89676934038066
420,26.054081632653546,7.6788281196504675,202.00408163265413,18.99500975699886
421,26.054081632653546,7.678828119650468,202.2948979591847,18.991610716120952
422,26.054081632653546,7.678828119650468,202.55918367347047,19.035990814044773
423,26.054081632653546,7.678828119650468,202.83571428571534,19.0882303065243
424,26.054081632653546,7.678828119650468,203.15408163265397,19.11524974471978
425,26.056122448980073,7.68307549777728,203.4551020408171,19.08679958419847
426,26.056122448980062,7.683075497777276,203.7653061224497,19.062161297610547
427,26.056122448980073,7.683075497777294,204.08571428571508,19.14484194053213
428,26.06224489795966,7.69612503037326,204.416326530613,19.13432145106706
429,26.06224489795966,7.696125030373261,204.69795918367413,19.190250283825474
430,26.068367346939244,7.69097350866865,204.97244897959237,19.23142047066369
431,26.076530612245357,7.69251564571734,205.22959183673527,19.26002702986636
432,26.07959183673514,7.693243897471233,205.5295918367352,19.31347583458263
433,26.08367346938818,7.693644504672067,205.8102040816333,19.328194333923847
434,26.084693877551487,7.693859348758149,206.14591836734752,19.31219354320587
435,26.085714285714733,7.6923957865077774,206.3989795918372,19.365665692279638
436,26.086734693878,7.6909453487975075,206.63673469387805,19.326610994811986
437,26.09693877551063,7.688684099507108,206.81326530612293,19.41035125223459
438,26.09693877551063,7.688684099507108,207.05102040816368,19.50113731345257
439,26.09693877551063,7.688684099507107,207.28673469387797,19.516741150387034
440,26.09693877551063,7.688684099507104,207.55306122449016,19.545278331085033
441,26.101020408163674,7.688831981158871,207.848979591837,19.559335711991682
442,26.102040816326948,7.689207157148601,208.08163265306138,19.65529688260997
443,26.10204081632694,7.6892071571486005,208.3234693877553,19.604785553993942
444,26.10204081632694,7.6892071571486005,208.626530612245,19.588426680272914
445,26.104081632653457,7.689997668396753,208.78775510204093,19.55534058186705
446,26.104081632653457,7.689997668396753,209.14693877551042,19.54141854456514
447,26.104081632653465,7.689997668396759,209.35612244897982,19.532833638838195
448,26.104081632653457,7.689997668396752,209.5551020408163,19.447451168074032
449,26.105102040816714,7.6901557473552735,209.73673469387762,19.428411613988903
450,26.108163265306498,7.687826072496399,209.99795918367352,19.457645134644878
451,26.11530612244938,7.702780738930779,210.26836734693876,19.471712173529493
452,26.120408163265687,7.703831324492022,210.55102040816314,19.4259988006905
453,26.12755102040852,7.698780105880866,210.76836734693873,19.437200402198663
454,26.12755102040852,7.698780105880863,210.97040816326532,19.42645704817046
455,26.129591836735038,7.700455356863428,211.14489795918362,19.441025527288932
456,26.12959183673503,7.700455356863422,211.32448979591823,19.421399272133897
457,26.12959183673503,7.7004553568634195,211.54489795918352,19.399840594114806
458,26.12959183673503,7.7004553568634195,211.79489795918352,19.479643124338168
459,26.12959183673503,7.700455356863416,211.9897959183671,19.523304350050566
460,26.12959183673502,7.700455356863414,212.26632653061202,19.514896194174348
461,26.12959183673502,7.700455356863412,212.54795918367327,19.5589831628767
462,26.131632653061537,7.69588149889196,212.79285714285686,19.537108163106907
463,26.136734693877855,7.702466650569139,213.0551020408159,19.497043315397697
464,26.136734693877848,7.702466650569139,213.23265306122408,19.542608645889434
465,26.136734693877848,7.702466650569139,213.45204081632602,19.587972913001874
466,26.136734693877848,7.702466650569138,213.69285714285667,19.504555235306597
467,26.1408163265309,7.700997896144646,213.91632653061174,19.53539265062704
468,26.14081632653089,7.700997896144641,214.1602040816323,19.56202480451152
469,26.14081632653089,7.700997896144641,214.44591836734645,19.477874626312886
470,26.14081632653089,7.7009978961446395,214.68979591836668,19.531352853123913
471,26.141836734694138,7.701380726719193,214.93979591836683,19.65222991333151
472,26.143877551020655,7.70026659155476,215.07857142857094,19.715652839528484
473,26.14489795918394,7.698769353779096,215.31224489795858,19.653420536271074
474,26.150000000000233,7.693645519697633,215.48979591836675,19.693412281698986
475,26.150000000000233,7.693645519697633,215.725510204081,19.723647241736618
476,26.150000000000233,7.693645519697635,215.93061224489742,19.71945193642731
477,26.150000000000222,7.693645519697633,216.15306122448916,19.663122331963113
478,26.150000000000215,7.693645519697636,216.3061224489789,19.627751944564316
479,26.154081632653266,7.695361939306851,216.50102040816256,19.55381778270502
480,26.15612244897977,7.696625057526243,216.77040816326453,19.501045876970903
481,26.159183673469553,7.698470993871947,217.0275510204074,19.46220215130102
482,26.15918367346956,7.698470993871947,217.23265306122374,19.48790609493561
483,26.16326530612261,7.701155005679135,217.45714285714206,19.498858241438516
484,26.16938775510219,7.702255764172732,217.7408163265298,19.55236787568292
485,26.171428571428713,7.701999718697162,217.93061224489705,19.552639786371362
486,26.174489795918497,7.703784221858011,218.08571428571332,19.564591600170992
487,26.17755102040829,7.708282676721529,218.2591836734686,19.535888545814405
488,26.17857142857154,7.708187512457278,218.43265306122368,19.463506791593836
489,26.186734693877632,7.700176804712304,218.66224489795826,19.473130469634146
490,26.192857142857193,7.703692313450352,218.87040816326436,19.446539533639825
491,26.192857142857193,7.703692313450349,219.1040816326521,19.42506388763612
492,26.192857142857193,7.703692313450348,219.32142857142753,19.417910892573243
493,26.192857142857182,7.703692313450346,219.59285714285608,19.370403056655036
494,26.192857142857175,7.703692313450328,219.82346938775416,19.276036093343933
495,26.19489795918369,7.7059167296783455,219.9408163265296,19.16553191263911
496,26.19489795918369,7.705916729678346,220.130612244897,19.086167091921197
497,26.197959183673465,7.708258362329969,220.2826530612234,19.067073213386102
498,26.197959183673465,7.708258362329969,220.49999999999886,19.11209235368508
499,26.19999999999998,7.707103340374635,220.69489795918264,19.059392774595096
500,26.202040816326516,7.708406408770282,220.84285714285605,19.00006915965435
501,26.2081632653061,7.713148064262063,221.01122448979487,18.898158057533674
502,26.213265306122413,7.71589032820298,221.23673469387646,18.816045860937713
503,26.213265306122402,7.715890328202979,221.4163265306111,18.75138911972156
504,26.213265306122395,7.715890328202972,221.61122448979467,18.75172236987169
505,26.213265306122395,7.715890328202971,221.75612244897843,18.66753164769215
506,26.213265306122395,7.7158903282029705,221.88163265306,18.583458315092578
507,26.213265306122395,7.715890328202967,221.99999999999875,18.589512388588723
508,26.213265306122384,7.715890328202965,222.2285714285702,18.59623102709723
509,26.213265306122384,7.715890328202965,222.40204081632533,18.61231437956989
510,26.213265306122384,7.7158903282029625,222.58571428571295,18.5316248711905
511,26.215306122448894,7.713787574349957,222.74081632652928,18.44113873023165
512,26.215306122448872,7.713787574349957,222.9142857142844,18.51686489971499
513,26.215306122448872,7.713787574349955,223.07142857142725,18.48446503770463
514,26.215306122448865,7.713787574349956,223.35204081632514,18.48215465274795
515,26.215306122448855,7.713787574349954,223.53877551020264,18.489384146426616
516,26.215306122448855,7.713787574349954,223.77551020408038,18.389935090145215
517,26.21530612244883,7.713787574349965,224.0326530612231,18.42361833679134
518,26.218367346938585,7.711475300612645,224.17755102040678,18.445038747425137
519,26.219387755101863,7.710713121019194,224.33979591836587,18.381244487147914
520,26.223469387754893,7.707797387479521,224.57346938775368,18.421057409976136
521,26.223469387754893,7.70779738747952,224.80204081632516,18.322307704003308
522,26.223469387754875,7.707797387479521,224.99489795918223,18.334922485490633
523,26.225510204081385,7.710903791134985,225.25510204081482,18.375171235960362
524,26.228571428571158,7.709099865831475,225.42142857142701,18.334168758495274
525,26.22857142857115,7.709099865831476,225.6030612244883,18.277251224629143
526,26.231632653060924,7.712520786658292,225.86122448979444,18.198929215014417
527,26.231632653060913,7.712520786658292,226.08163265305961,18.167707551247332
528,26.23469387755069,7.714197980281015,226.32755102040662,18.064905049865388
529,26.234693877550654,7.714197980281007,226.50204081632495,18.02144864909374
530,26.234693877550644,7.714197980281005,226.6530612244882,17.96027362184215
531,26.234693877550644,7.714197980281004,226.79387755101877,17.895219928607236
532,26.234693877550637,7.7141979802810035,226.93367346938612,17.84371725629806
533,26.234693877550626,7.7141979802810035,227.12551020408006,17.70900099271394
534,26.23673469387716,7.712575126185523,227.29183673469223,17.644922153439097
535,26.2428571428567,7.709484252436859,227.4938775510188,17.616562007845605
536,26.246938775509715,7.706947432924761,227.64285714285543,17.54529747701248
537,26.251020408162752,7.70250179774045,227.89285714285543,17.561893730800254
538,26.251020408162745,7.702501797740448,228.10714285714113,17.50384247099728
539,26.251020408162734,7.702501797740448,228.33979591836564,17.517575246704567
540,26.251020408162734,7.702501797740446,228.51224489795732,17.436391090973853
541,26.251020408162734,7.702501797740446,228.68265306122262,17.410388731351386
542,26.251020408162727,7.702501797740444,228.78367346938592,17.368094422630055
543,26.2510204081627,7.702501797740428,228.9132653061205,17.305300417279238
544,26.256122448979,7.701029196621604,229.10306122448793,17.24704306788836
545,26.25612244897899,7.7010291966216045,229.34183673469207,17.158632045882054
546,26.258163265305487,7.7021021243899215,229.5479591836716,17.08224375933678
547,26.258163265305487,7.702102124389923,229.691836734692,17.051933194098034
548,26.258163265305487,7.702102124389923,229.87959183673277,17.071866981452516
549,26.261224489795254,7.700242589903361,230.02448979591634,17.023712056371956
550,26.261224489795254,7.70024258990336,230.2142857142838,17.059030349099064
551,26.261224489795254,7.700242589903359,230.40714285714083,17.060275428881333
552,26.263265306121742,7.698880255239158,230.63775510203882,17.079038004242424
553,26.267346938774764,7.699020908451689,230.79183673469183,17.088934386535275
554,26.270408163264538,7.696101759920227,231.01938775509996,17.167696381345646
555,26.270408163264538,7.696101759920228,231.17857142856946,17.11915498830297
556,26.270408163264527,7.696101759920226,231.3479591836714,17.14607170419705
557,26.270408163264527,7.696101759920225,231.53571428571212,17.089094358123347
558,26.270408163264527,7.696101759920224,231.6897959183652,17.09985081686929
559,26.270408163264527,7.696101759920225,231.86734693877338,17.12930404481046
560,26.27040816326451,7.696101759920227,232.02346938775295,17.179249848710878
561,26.27551020408082,7.697253359985096,232.24183673469176,17.205718414162188
562,26.278571428570586,7.7015532410051035,232.3867346938754,17.100895528111714
563,26.278571428570586,7.7015532410051035,232.52857142856922,17.07206337182951
564,26.278571428570586,7.701553241005104,232.7142857142834,16.998615716479748
565,26.278571428570586,7.7015532410051035,232.88163265305883,16.997048277444332
566,26.278571428570586,7.701553241005105,233.0989795918344,16.966615031122984
567,26.278571428570586,7.701553241005104,233.2744897959161,16.957422088573686
568,26.278571428570586,7.701553241005107,233.5020408163242,16.967285326335322
569,26.278571428570586,7.701553241005108,233.66734693877316,16.982785340383213
570,26.278571428570576,7.701553241005108,233.85204081632418,16.98794422096578
571,26.28265306122362,7.699522302723322,234.04591836734468,17.073641701209354
572,26.28265306122361,7.699522302723324,234.23469387754866,17.099973695150634
573,26.28265306122361,7.699522302723325,234.41326530612002,17.110144778825013
574,26.284693877550115,7.697126134400302,234.6122448979568,17.14173344227707
575,26.285714285713347,7.698802083400456,234.81020408163033,17.212268490495966
576,26.289795918366345,7.702176004351108,234.9397959183649,17.287865171098865
577,26.29081632652964,7.703863694714653,235.0887755102015,17.30130043887741
578,26.295918367345966,7.712497093154391,235.2989795918342,17.379125331638317
579,26.30102040816224,7.706809558934164,235.5112244897934,17.48229005110794
580,26.30102040816224,7.7068095589341645,235.73979591836488,17.53067980671679
581,26.302040816325462,7.706171091164586,235.85816326530346,17.579290799533805
582,26.302040816325462,7.706171091164588,235.97244897958916,17.621881482891705
583,26.302040816325462,7.706171091164587,236.12551020407903,17.68609893631635
584,26.302040816325462,7.706171091164588,236.35306122448713,17.734086906313042
585,26.304081632651933,7.706204329814246,236.63571428571166,17.807028542526858
586,26.304081632651933,7.706204329814246,236.86326530611987,17.84892300611247
587,26.304081632651933,7.706204329814246,237.07448979591572,17.910608327763484
588,26.304081632651922,7.706204329814248,237.23775510203828,18.007791680949843
589,26.304081632651922,7.706204329814251,237.46020408163008,18.058398804672144
590,26.304081632651922,7.70620432981425,237.625510204079,17.989618547055162
591,26.306122448978414,7.707182779006057,237.8306122448952,18.00773018795757
592,26.307142857141635,7.7087726629048134,238.0826530612216,18.05012512056268
593,26.307142857141635,7.7087726629048134,238.26530612244625,18.092841000247063
594,26.31020408163142,7.712851070571768,238.398979591834,18.128990218404933
595,26.31020408163142,7.712851070571769,238.54081632652782,18.136339248392286
596,26.31020408163142,7.712851070571769,238.72653061224202,18.187626863578885
597,26.31428571428446,7.71102241743605,238.88673469387479,18.172538878881323
598,26.31428571428446,7.71102241743605,239.0438775510176,18.20048728471519
599,26.320408163264002,7.703166860138672,239.25816326530332,18.213001469617094
600,26.320408163264002,7.703166860138671,239.44693877550742,18.294795371706805
601,26.32040816326399,7.70316686013867,239.67346938775222,18.332915573345254
602,26.320408163263984,7.703166860138669,239.93673469387474,18.32576801740475
603,26.323469387753757,7.702337348152382,240.14693877550724,18.33012282416159
604,26.323469387753747,7.702337348152381,240.35306122448688,18.368324350410802
605,26.324489795917035,7.702087591651655,240.56020408162985,18.424748710802593
606,26.324489795917035,7.7020875916516545,240.81122448979303,18.350515956235473
607,26.326530612243552,7.701628207803336,241.02755102040507,18.375101849287063
608,26.326530612243552,7.701628207803335,241.21326530611933,18.41936452159572
609,26.326530612243552,7.701628207803334,241.44795918367024,18.477045965561917
610,26.326530612243552,7.701628207803333,241.70816326530291,18.514915247728357
611,26.326530612243552,7.701628207803333,241.89081632652756,18.60364695227858
612,26.326530612243552,7.701628207803332,242.1112244897929,18.62971172326939
613,26.326530612243552,7.701628207803332,242.33367346938476,18.648838751974896
614,26.326530612243552,7.701628207803332,242.5285714285685,18.606630575534627
615,26.326530612243552,7.701628207803332,242.72755102040514,18.62688431945133
616,26.328571428570076,7.701600898071311,242.93979591836435,18.67255877672627
617,26.329591836733336,7.701769554398384,243.1795918367317,18.709259334341446
618,26.33265306122309,7.701828566341202,243.35204081632344,18.743336314138848
619,26.33265306122309,7.701828566341202,243.42857142856826,18.815203162712244
620,26.33571428571282,7.699046807296694,243.66938775509888,18.78484084923102
621,26.33571428571282,7.699046807296694,243.858163265303,18.813192526422178
622,26.33571428571282,7.699046807296694,244.09489795918057,18.85659429695068
623,26.33571428571283,7.699046807296694,244.29285714285407,18.827038071806772
624,26.33979591836588,7.699852265225171,244.49489795918063,18.79573209484675
625,26.34081632652914,7.702074613555344,244.72653061224182,18.772381505070747
626,26.34081632652914,7.702074613555344,244.93877551020094,18.755490657962067
627,26.34081632652914,7.702074613555343,245.12551020407847,18.70656627005576
628,26.34081632652914,7.702074613555343,245.2765306122417,18.80072228600885
629,26.344897959182145,7.706066510087734,245.44081632652743,18.84274165170587
630,26.34897959183515,7.707028494384036,245.63265306122128,18.83368317202544
631,26.351020408161684,7.7119924244876605,245.74081632652747,18.813003934368478
632,26.353061224488165,7.712768720296286,245.92244897958867,18.870351191815477
633,26.353061224488165,7.712768720296286,246.07040816326193,18.960927266543635
634,26.353061224488165,7.712768720296286,246.33367346938437,19.019714311378543
635,26.353061224488165,7.712768720296286,246.55204081632317,19.05215607712152
636,26.353061224488165,7.712768720296285,246.69285714285382,19.089391061626362
637,26.353061224488165,7.712768720296285,246.84081632652726,19.085478822241065
638,26.353061224488165,7.712768720296285,247.08265306122118,19.100504119027665
639,26.353061224488165,7.712768720296285,247.31530612244558,18.99379924135728
640,26.353061224488165,7.712768720296285,247.48877551020064,18.991799316401327
641,26.353061224488165,7.712768720296285,247.69183673469047,19.026115789859457
642,26.353061224488165,7.712768720296285,247.90612244897616,19.048926898734468
643,26.35612244897795,7.716179108426795,248.1255102040782,19.16174742961686
644,26.35612244897795,7.716179108426795,248.33775510203742,19.188266357488057
645,26.35612244897795,7.716179108426795,248.4734693877517,19.235443172759826
646,26.358163265304473,7.71395765148468,248.60204081632313,19.242514514687887
647,26.358163265304473,7.713957651484682,248.79999999999654,19.235146532864498
648,26.363265306120795,7.712078833451063,248.94489795918022,19.335209244659644
649,26.365306122447308,7.708881867159395,249.08571428571082,19.346906053532848
650,26.367346938773835,7.708168938741198,249.29387755101695,19.380082692406344
651,26.367346938773835,7.708168938741198,249.44897959183322,19.40427867302685
652,26.367346938773835,7.708168938741198,249.5867346938741,19.425411202207215
653,26.367346938773835,7.708168938741198,249.76224489795578,19.402390045650105
654,26.367346938773835,7.708168938741198,249.95612244897623,19.411249218170024
655,26.367346938773835,7.708168938741198,250.10816326530278,19.35572445396588
656,26.370408163263573,7.710238855919403,250.31734693877215,19.318161318468086
657,26.370408163263573,7.710238855919403,250.56326530611904,19.299112503952774
658,26.370408163263573,7.710238855919404,250.71530612244555,19.330692044917498
659,26.370408163263573,7.710238855919404,250.91020408162927,19.26808221091616
660,26.370408163263573,7.710238855919404,251.0734693877518,19.210643655388125
661,26.370408163263573,7.710238855919404,251.24183673469048,19.1878092317847
662,26.373469387753367,7.7042832788857565,251.49081632652724,19.140468580585324
663,26.377551020406425,7.702743497790615,251.67857142856795,19.145453541122674
664,26.377551020406425,7.702743497790615,251.8846938775474,19.156137722754494
665,26.37959183673296,7.705892205138901,252.06632653060876,19.122287668389205
666,26.38265306122269,7.70840363967934,252.2459183673435,19.14727057930785
667,26.384693877549225,7.706064821105115,252.3846938775475,19.047785406829245
668,26.38979591836548,7.705653036118232,252.4969387755067,19.027597041871378
669,26.38979591836548,7.705653036118231,252.71020408162903,19.020563194603138
670,26.394897959181808,7.704359435456379,252.8846938775474,19.015058233108007
671,26.394897959181808,7.704359435456379,253.0928571428535,19.02756552183236
672,26.394897959181808,7.704359435456379,253.26836734693512,19.01819891150482
673,26.394897959181808,7.704359435456379,253.44081632652694,19.031819078656866
674,26.394897959181808,7.704359435456379,253.64489795917987,19.045601034985367
675,26.394897959181808,7.704359435456379,253.83571428571048,18.94132138390628
676,26.394897959181808,7.704359435456379,254.0673469387717,18.93110451173273
677,26.394897959181808,7.704359435456379,254.26122448979208,18.90027380368397
678,26.394897959181808,7.70435943545638,254.45204081632278,18.89475032813375
679,26.394897959181808,7.70435943545638,254.6469387755064,18.89804965377017
680,26.394897959181808,7.70435943545638,254.9173469387719,18.909843835355787
681,26.398979591834877,7.6998879652381635,255.0826530612207,18.9048269301203
682,26.399999999998144,7.697585854561139,255.26836734693498,18.90974450143442
683,26.40102040816141,7.695296450661181,255.53367346938398,18.902035170037575
684,26.40408163265113,7.697437600006799,255.75102040815946,18.924577498217467
685,26.40612244897766,7.6972814967786265,255.91122448979206,18.984562959911244
686,26.41224489795718,7.6975809849313155,256.12040816326146,18.95972176912612
687,26.41632653061024,7.6985083233051945,256.33775510203697,18.917067822967017
688,26.41632653061024,7.6985083233051945,256.495918367343,18.958080963516174
689,26.41632653061024,7.6985083233051945,256.66428571428185,18.91359875946788
690,26.41632653061024,7.6985083233051945,256.81632653060836,18.952015296490483
691,26.4173469387735,7.696244087403666,257.01326530611857,18.95432185965799
692,26.421428571426567,7.687314569436048,257.2214285714247,18.95644767829014
693,26.421428571426567,7.687314569436048,257.4275510204044,18.94352671204264
694,26.421428571426567,7.687314569436048,257.62142857142476,18.90299826478801
695,26.426530612242914,7.687554647598248,257.8397959183635,18.86804534529246
696,26.42755102040617,7.686884373957588,258.0387755102002,18.838987527519887
697,26.42755102040617,7.686884373957588,258.1989795918328,18.781500680325674
698,26.430612244895975,7.684953683629756,258.37755102040427,18.699516238088044
699,26.430612244895975,7.684953683629756,258.6602040816289,18.703848685323425
700,26.430612244895975,7.684953683629756,258.926530612241,18.749641007253118
701,26.430612244895983,7.684953683629745,259.0816326530574,18.73604992646908
702,26.434693877549044,7.68110264063224,259.2040816326492,18.754430269330808
703,26.434693877549044,7.6811026406322345,259.3673469387717,18.764254612036982
704,26.43979591836537,7.6767238946226195,259.59897959183286,18.754731486868017
705,26.43979591836537,7.6767238946226195,259.7632653061186,18.743789086551097
706,26.442857142855072,7.6843038470849585,259.9969387755063,18.77627247232568
707,26.442857142855072,7.6843038470849585,260.16020408162865,18.815459136012475
708,26.442857142855072,7.6843038470849585,260.3357142857104,18.847661362014033
709,26.442857142855072,7.6843038470849585,260.4489795918328,18.84044339637274
710,26.442857142855072,7.6843038470849585,260.6428571428533,18.831170270615964
711,26.442857142855072,7.6843038470849585,260.86326530611854,18.896650128769572
712,26.442857142855072,7.6843038470849585,260.9704081632614,18.85810081827699
713,26.442857142855072,7.6843038470849585,261.12653061224097,18.8468637502235
714,26.442857142855072,7.684303847084958,261.28469387754717,18.8090544128363
715,26.442857142855072,7.684303847084958,261.47448979591445,18.791770770420868
716,26.442857142855072,7.684303847084958,261.68469387754703,18.842551642355485
717,26.442857142855072,7.684303847084958,261.83061224489387,18.88727173881768
718,26.442857142855072,7.684303847084958,262.0193877550981,18.88002352809679
719,26.442857142855072,7.684303847084958,262.19285714285337,18.8639139656679
720,26.442857142855072,7.684303847084958,262.38163265305747,18.901436736498912
721,26.442857142855072,7.684303847084958,262.5795918367308,18.910231392342897
722,26.44387755101836,7.683861490503654,262.73571428571034,18.895081187605733
723,26.443877551018403,7.6838614905036255,262.91326530611855,18.888895515688063
724,26.452040816324516,7.683637626281508,263.1010204081593,18.892089795766665
725,26.452040816324516,7.683637626281508,263.276530612241,18.92495369465548
726,26.4530612244878,7.682340182991805,263.47755102040423,18.901670636559487
727,26.4530612244878,7.682340182991805,263.6979591836696,18.90170611243457
728,26.455102040814346,7.680761027561807,263.88571428571026,18.93880124030616
729,26.459183673467415,7.683185609359489,264.05204081632263,18.92339329029871
730,26.462244897957227,7.681932683528669,264.2489795918329,18.97845355375291
731,26.462244897957227,7.681932683528669,264.4285714285675,19.032907340950942
732,26.462244897957245,7.681932683528669,264.5938775510166,19.020085067764597
733,26.462244897957245,7.681932683528669,264.7520408163227,19.032137352031203
734,26.466326530610303,7.682239004783102,264.84081632652675,19.010756288056797
735,26.466326530610303,7.682239004783102,265.01836734693484,19.034670902763263
736,26.46632653061032,7.682239004783106,265.1387755102003,18.982836676759714
737,26.472448979589934,7.684998056410145,265.29183673469004,18.919902960374184
738,26.472448979589934,7.684998056410145,265.514285714282,18.9054395209916
739,26.472448979589934,7.684998056410145,265.7428571428534,18.855282397841783
740,26.472448979589934,7.684998056410145,265.87755102040427,18.86376220070739
741,26.472448979589934,7.684998056410145,266.02959183673073,18.871571557139166
742,26.472448979589934,7.684998056410145,266.17346938775114,18.866359065096987
743,26.472448979589934,7.684998056410145,266.41326530611866,18.868841758203246
744,26.47755102040631,7.686410060955215,266.55714285713896,18.875381121841805
745,26.47755102040631,7.686410060955215,266.7673469387717,18.776502192072908
746,26.47755102040628,7.686410060955224,266.91428571428196,18.7782668783736
747,26.47755102040628,7.686410060955224,267.02244897958815,18.7645230718531
748,26.4806122448961,7.685394216080081,267.2153061224453,18.78064090833789
749,26.4806122448961,7.685394216080081,267.38367346938406,18.76179911964031
750,26.4806122448961,7.685394216080081,267.6051020408126,18.688476488941138
751,26.4806122448961,7.685394216080081,267.7734693877513,18.69263753573773
752,26.4806122448961,7.685394216080081,267.9051020408126,18.769012046530786
753,26.4806122448961,7.685394216080081,268.08469387754735,18.785816021407115
754,26.481632653059396,7.686531977701607,268.28163265305744,18.819229932269664
755,26.481632653059396,7.686531977701607,268.4418367346902,18.843542753381804
756,26.481632653059396,7.686531977701607,268.6479591836698,18.851357309969522
757,26.481632653059396,7.686531977701607,268.86326530611865,18.836580028993
758,26.481632653059396,7.686531977701607,268.9887755102003,18.86063276633392
759,26.481632653059396,7.686531977701607,269.09081632652686,18.841560258143524
760,26.481632653059396,7.686531977701607,269.3520408163228,18.8270387354688
761,26.481632653059396,7.686531977701607,269.47857142856765,18.74511678740846
762,26.485714285712483,7.6839013978171335,269.6520408163227,18.71947102289257
763,26.48571428571251,7.683901397817164,269.7938775510167,18.716038130400737
764,26.485714285712483,7.6839013978171335,270.05204081632274,18.698976083748025
765,26.487755102039046,7.686162157607284,270.1673469387718,18.64465000371212
766,26.491836734692107,7.687104960509147,270.31326530611875,18.612984763087038
767,26.494897959181827,7.685270655474304,270.48367346938386,18.53605410969411
768,26.494897959181827,7.685270655474304,270.5918367346902,18.52622891607696
769,26.49591836734512,7.686582640314158,270.7214285714249,18.499323214428973
770,26.49591836734512,7.686582640314158,270.86632653060843,18.49568257308237
771,26.49591836734512,7.686582640314158,270.9999999999962,18.44852807827458
772,26.49591836734512,7.686582640314158,271.09081632652675,18.454665995385614
773,26.49591836734512,7.686582640314158,271.218367346935,18.436139992125227
774,26.495918367345148,7.686582640314187,271.3704081632613,18.41465706877071
775,26.496938775508426,7.685984353151041,271.5561224489757,18.452170207893875
776,26.501020408161548,7.686678478433879,271.69693877550645,18.4885325006471
777,26.501020408161576,7.6866784784338895,271.8734693877513,18.476002423576745
778,26.50612244897794,7.6887348156499655,271.9459183673432,18.517432464605132
779,26.515306122447328,7.689753875161196,272.12755102040455,18.490558252293567
780,26.51734693877389,7.690515897985967,272.2795918367311,18.49966635222611
781,26.517346938773915,7.690515897985984,272.4734693877515,18.51531171796264
782,26.51734693877389,7.690515897985967,272.6224489795882,18.501536458141725
783,26.52040816326372,7.692206011246008,272.74591836734317,18.534152402779416
784,26.52040816326372,7.692206011246008,272.93367346938396,18.524949547212593
785,26.52040816326372,7.692206011246008,273.0551020408126,18.505736134710602
786,26.521428571427023,7.692078702178975,273.1612244897922,18.514259281735832
787,26.521428571427023,7.692078702178975,273.27040816326166,18.50471519882818
788,26.521428571427023,7.692078702178975,273.41020408162893,18.51055947727101
789,26.523469387753586,7.6892376931357305,273.5887755102004,18.539072817959166
790,26.52448979591689,7.6885411580821374,273.664285714282,18.51739220397418
791,26.52959183673317,7.682331711994055,273.7999999999965,18.499418138693088
792,26.52959183673317,7.682331711994055,273.96938775509847,18.47519076723885
793,26.53265306122301,7.680359206076144,274.13673469387396,18.47881944317092
794,26.537755102039338,7.673744228143458,274.29693877550665,18.520916364534315
795,26.537755102039338,7.673744228143458,274.4346938775475,18.522712624381327
796,26.537755102039338,7.673744228143458,274.6377551020372,18.492512161389417
797,26.537755102039338,7.673744228143458,274.8489795918331,18.469204418979174
798,26.537755102039338,7.673744228143458,275.02755102040464,18.42519153922049
799,26.537755102039338,7.673744228143458,275.1724489795883,18.432846335594505
800,26.541836734692442,7.679978445908005,275.3142857142821,18.479880208254595
801,26.541836734692442,7.679978445908005,275.45408163264943,18.50298204744441
802,26.541836734692442,7.679978445908005,275.5897959183638,18.522668552677594
803,26.541836734692442,7.679978445908005,275.7071428571393,18.484080608549064
804,26.541836734692442,7.679978445908005,275.8938775510169,18.475115359500162
805,26.541836734692442,7.679978445908005,276.0663265306088,18.483591195486504
806,26.541836734692442,7.679978445908005,276.1775510204049,18.399764023439758
807,26.541836734692442,7.679978445908005,276.255102040813,18.368500530666367
808,26.541836734692442,7.679978445908005,276.38469387754765,18.355422745016163
809,26.541836734692442,7.679978445908005,276.5224489795883,18.333299963368347
810,26.541836734692442,7.679978445908005,276.6959183673435,18.303191697689016
811,26.541836734692442,7.679978445908005,276.8112244897924,18.275179038464987
812,26.541836734692442,7.679978445908005,276.92653061224144,18.28692301945176
813,26.541836734692442,7.679978445908005,277.07448979591493,18.216798288942794
814,26.541836734692442,7.679978445908005,277.20510204081296,18.213024566182913
815,26.546938775508853,7.679379508635426,277.36020408162926,18.201854529960656
816,26.546938775508853,7.679379508635426,277.5479591836701,18.19033442098693
817,26.546938775508853,7.679379508635426,277.7448979591804,18.130769486311017
818,26.546938775508853,7.679379508635426,277.89999999999674,18.10724668028449
819,26.551020408161957,7.685441702385499,278.0040816326498,18.097164288048592
820,26.551020408161957,7.685441702385499,278.181632653058,18.096347608048852
821,26.551020408161957,7.685441702385499,278.3653061224457,18.04915415878389
822,26.551020408161957,7.685441702385499,278.5612244897928,18.019394082451544
823,26.551020408161957,7.685441702385499,278.7173469387724,18.00798249002593
824,26.551020408161957,7.685441702385499,278.9306122448951,18.013435450417195
825,26.551020408161957,7.685441702385499,279.1306122448949,18.00140838582827
826,26.551020408161957,7.685441702385499,279.3132653061195,17.981559894835176
827,26.551020408161957,7.685441702385499,279.4724489795889,17.937580089490115
828,26.551020408161957,7.685441702385499,279.6561224489765,17.96056149051428
829,26.551020408161957,7.685441702385499,279.78775510203764,17.93016370567406
830,26.551020408161957,7.685441702385499,279.9112244897929,17.919922617408165
831,26.551020408161957,7.685441702385499,280.0673469387725,17.869192552610915
832,26.551020408161957,7.685441702385499,280.23979591836434,17.848653229747377
833,26.551020408161957,7.685441702385499,280.43061224489486,17.951497543565054
834,26.551020408161957,7.685441702385499,280.5908163265275,17.894411808415477
835,26.551020408161957,7.685441702385499,280.7265306122418,17.852117543622576
836,26.551020408161957,7.685441702385499,280.908163265303,17.843420383400108
837,26.551020408161957,7.685441702385499,281.05714285713975,17.847288943017585
838,26.551020408161957,7.685441702385499,281.1867346938744,17.875597781425288
839,26.551020408161957,7.685441702385499,281.35102040816014,17.942078588891075
840,26.551020408161957,7.685441702385499,281.47959183673163,17.890525647811483
841,26.551020408161957,7.685441702385499,281.62346938775204,17.904270726441602
842,26.551020408161957,7.685441702385499,281.7969387755071,17.880788397353644
843,26.551020408161957,7.685441702385499,281.9561224489765,17.90370056029163
844,26.551020408161957,7.685441702385499,282.1051020408134,17.863314706026074
845,26.551020408161957,7.685441702385499,282.2704081632622,17.91755015918105
846,26.553061224488548,7.686546878504816,282.4683673469356,17.943271562826066
847,26.553061224488548,7.686546878504816,282.6030612244867,17.97971052683787
848,26.555102040815182,7.685240103724423,282.74999999999693,18.00540419938286
849,26.555102040815182,7.685240103724423,282.89387755101745,17.9962657517579
850,26.563265306121302,7.679896895566362,283.0357142857112,18.00371551615073
851,26.563265306121355,7.6798968955664035,283.1336734693848,17.96567192050348
852,26.563265306121302,7.679896895566362,283.3061224489765,17.93542607629077
853,26.565306122447893,7.6815960549129185,283.4255102040785,17.966656927240784
854,26.565306122447893,7.6815960549129185,283.62142857142544,17.969184918137493
855,26.565306122447893,7.6815960549129185,283.73775510203774,17.981460296945915
856,26.565306122447836,7.681596054912873,283.95714285713984,17.988991844231435
857,26.568367346937684,7.684244700559434,284.08571428571116,17.95271172810159
858,26.568367346937684,7.684244700559434,284.30204081632354,17.964781826927624
859,26.569387755101015,7.6834468893605,284.42448979591524,17.900736991521615
860,26.569387755101015,7.6834468893605,284.5438775510173,17.859792543940706
861,26.569387755101015,7.6834468893605,284.72857142856844,17.84090935594963
862,26.569387755101015,7.6834468893605,284.93367346938464,17.84589368709304
863,26.569387755101015,7.6834468893605,285.04693877550744,17.89099077805325
864,26.571428571427386,7.686173266015715,285.1969387755073,17.907138496174586
865,26.575510204080512,7.683115409172629,285.34387755101767,17.93650385537574
866,26.575510204080512,7.683115409172629,285.48673469387484,17.967576048154193
867,26.575510204080512,7.683115409172629,285.69183673469115,17.963447893566546
868,26.575510204080512,7.683115409172629,285.80612244897696,18.025535475989127
869,26.576530612243843,7.683143258937376,285.9877551020381,18.02516219908107
870,26.577551020407036,7.68318452519149,286.1581632653033,18.07752852833048
871,26.58163265306017,7.683483749724058,286.2959183673441,18.026725381730124
872,26.58163265306017,7.683483749724058,286.4010204081606,18.026738984324634
873,26.58163265306017,7.683483749724058,286.54897959183415,17.975904669529726
874,26.58163265306017,7.683483749724058,286.66428571428304,17.965935042439693
875,26.58163265306017,7.683483749724058,286.8561224489771,17.993518286682285
876,26.58163265306017,7.683483749724058,287.0387755102014,18.00065931968416
877,26.58163265306017,7.683483749724058,287.1397959183647,17.982617219807334
878,26.58163265306017,7.683483749724058,287.31428571428296,17.992344616705893
879,26.5826530612235,7.6852180874211875,287.5030612244871,18.041915511578075
880,26.583673469386703,7.68696544380634,287.6408163265279,18.064068033968276
881,26.58775510203983,7.694084877843003,287.81428571428285,18.10679239573137
882,26.58775510203983,7.694084877843003,287.952040816324,18.15556621392126
883,26.58775510203983,7.694084877843003,288.0744897959157,18.17390570583885
884,26.592857142856154,7.703276008695022,288.2908163265276,18.18579991116607
885,26.59285714285623,7.703276008695056,288.4551020408135,18.1427482148188
886,26.59693877550936,7.705404333000725,288.56020408162965,18.138557460939953
887,26.602040816325708,7.709661447397349,288.7448979591808,18.19167979217274
888,26.603061224488947,7.7081864318055535,288.9122448979564,18.18018714144872
889,26.6051020408155,7.705275687977515,289.06224489795636,18.16520108349934
890,26.608163265305137,7.7119114152045265,289.2448979591809,18.10037265396432
891,26.608163265305137,7.7119114152045265,289.4306122448952,18.12265685208876
892,26.608163265305137,7.7119114152045265,289.548979591834,18.13497096803934
893,26.608163265305137,7.7119114152045265,289.66428571428287,18.12230128984595
894,26.608163265305137,7.7119114152045265,289.8387755102014,18.156988023277183
895,26.608163265305137,7.7119114152045265,290.00612244897695,18.1239876851819
896,26.610204081631746,7.710135207824913,290.175510204079,18.146685163520925
897,26.610204081631746,7.710135207824913,290.33061224489546,18.128866302650316
898,26.610204081631746,7.710135207824913,290.51020408163004,18.100527972122794
899,26.610204081631746,7.710135207824913,290.6397959183648,18.033668908064108
900,26.610204081631746,7.710135207824913,290.83571428571184,18.05987943221576
901,26.610204081631746,7.710135207824913,290.96632653060993,18.054365439191596
902,26.610204081631746,7.710135207824913,291.1040816326507,18.084928409271566
903,26.610204081631746,7.710135207824913,291.30510204081406,18.088048195014604
904,26.611224489795084,7.710793062604131,291.47142857142615,18.08933118002356
905,26.611224489795084,7.710793062604131,291.620408163263,18.089774966832834
906,26.611224489795084,7.710793062604131,291.79897959183427,18.053887908048594
907,26.611224489795084,7.710793062604131,291.8989795918343,18.024515300326684
908,26.61122448979516,7.7107930626042505,292.0224489795894,17.977364290187897
909,26.61428571428495,7.717259711801052,292.2153061224466,17.960350698398436
910,26.61428571428495,7.717259711801052,292.397959183671,17.96425311104066
911,26.615306122448292,7.718820271302622,292.5704081632628,17.959668911579183
912,26.615306122448292,7.718820271302622,292.76326530612016,17.95642186556231
913,26.61530612244811,7.718820271302205,292.92448979591603,17.914753831166294
914,26.61530612244811,7.718820271302205,293.0204081632629,17.931396638932185
915,26.61530612244811,7.718820271302205,293.1887755102018,18.012816339431833
916,26.61530612244811,7.718820271302205,293.34489795918137,18.038228067174007
917,26.61530612244811,7.718820271302205,293.5275510204058,18.00574469275923
918,26.61530612244811,7.718820271302205,293.63673469387516,18.01526794740957
919,26.617346938774716,7.72049710792607,293.7448979591811,18.034428987483704
920,26.617346938774716,7.72049710792607,293.91326530612,18.06477178931561
921,26.617346938774716,7.72049710792607,294.05408163265076,18.091758203956438
922,26.617346938774798,7.720497107926106,294.20306122448744,18.11460861264951
923,26.62142857142786,7.722445945871997,294.3387755102018,18.160659524156284
924,26.62142857142786,7.722445945871997,294.53469387754865,18.17703742947663
925,26.62142857142786,7.722445945871997,294.6693877550997,18.224107681620858
926,26.62142857142786,7.722445945871997,294.7897959183652,18.262038357785656
927,26.62142857142786,7.722445945871997,294.8979591836714,18.325059029140082
928,26.62142857142786,7.722445945871997,295.10714285714073,18.30110717252064
929,26.62142857142786,7.722445945871997,295.280612244896,18.369939584590586
930,26.62142857142794,7.722445945871941,295.44795918367146,18.349605348657033
931,26.626530612244352,7.71922177681412,295.5683673469368,18.35752716526588
932,26.626530612244352,7.71922177681412,295.69387755101803,18.438507276997786
933,26.626530612244352,7.71922177681412,295.83265306122206,18.494946347578814
934,26.626530612244352,7.71922177681412,295.9153061224466,18.55037186513645
935,26.626530612244352,7.71922177681412,296.09387755101795,18.55263166258764
936,26.626530612244352,7.71922177681412,296.2857142857118,18.544980045319168
937,26.626530612244352,7.71922177681412,296.4510204081608,18.581986122224702
938,26.626530612244352,7.71922177681412,296.6744897959159,18.545205162717085
939,26.626530612244352,7.71922177681412,296.8734693877527,18.562396996546063
940,26.626530612244352,7.71922177681412,296.9989795918344,18.593735733792155
941,26.626530612244387,7.719221776814074,297.1612244897935,18.56964209842141
942,26.630612244897456,7.714960287965744,297.2591836734671,18.60932453368896
943,26.630612244897456,7.714960287965744,297.4234693877527,18.661546182302114
944,26.630612244897247,7.714960287965435,297.5275510204059,18.70971643748692
945,26.631632653060606,7.715196671728554,297.6153061224468,18.74649296647947
946,26.631632653060606,7.715196671728554,297.7591836734674,18.771427683923886
947,26.631632653060606,7.715196671728556,297.8887755102019,18.83775559950403
948,26.631632653060606,7.715196671728556,298.03265306122233,18.8745782546225
949,26.631632653060613,7.715196671728557,298.15306122448783,18.888995427802215
950,26.631632653060613,7.71519667172856,298.2132653061203,18.938970656761487
951,26.631632653060706,7.715196671728621,298.39489795918143,18.939082592293506
952,26.635714285713767,7.717894833850498,298.4989795918347,18.994800221206493
953,26.635714285713767,7.717894833850498,298.6173469387736,18.967141928290562
954,26.635714285713767,7.717894833850502,298.7367346938757,18.976677305295734
955,26.635714285713767,7.717894833850502,298.8836734693859,18.95251975326473
956,26.635714285713767,7.7178948338505045,299.03163265305926,18.9190415253136
957,26.635714285713767,7.7178948338505045,299.1928571428552,18.997068402037524
958,26.635714285713767,7.7178948338505045,299.3102040816308,19.030019249938576
959,26.635714285713767,7.717894833850506,299.4765306122431,19.000913276237124
960,26.635714285713767,7.717894833850506,299.62857142856956,19.00435360805378
961,26.635714285713767,7.717894833850506,299.8275510204064,18.926256500723206
962,26.635714285713767,7.71789483385051,299.9989795918349,18.916069335145107
963,26.635714285713767,7.717894833850511,300.1755102040799,18.941238844020887
964,26.635714285713767,7.717894833850511,300.3051020408145,18.940702394718762
965,26.635714285713767,7.717894833850511,300.4551020408146,18.963897504989134
966,26.635714285713767,7.717894833850511,300.62040816326373,18.945364573349593
967,26.635714285713767,7.7178948338505124,300.7744897959168,18.95515266015592
968,26.635714285713767,7.7178948338505124,300.9285714285698,18.971446024614483
969,26.635714285713767,7.717894833850515,301.12448979591676,18.930988788925408
970,26.635714285713767,7.717894833850515,301.2663265306106,18.883457956144593
971,26.635714285713767,7.717894833850515,301.45510204081467,18.93339022219993
972,26.635714285713767,7.717894833850515,301.6163265306106,18.948068620744706
973,26.635714285713767,7.717894833850515,301.77244897959014,19.003516054902953
974,26.635714285713775,7.717894833850517,301.89285714285546,18.982781030057936
975,26.635714285713775,7.717894833850519,302.09693877550853,18.969721896036614
976,26.635714285713775,7.717894833850519,302.2459183673454,18.956681888273994
977,26.635714285713775,7.717894833850521,302.3928571428556,18.932981910939308
978,26.635714285713775,7.717894833850523,302.51224489795754,18.897831246535837
979,26.635714285713775,7.717894833850526,302.63367346938634,18.932989170371922
980,26.635714285713785,7.717894833850532,302.747959183672,18.89238939717529
981,26.63775510204042,7.718649222126396,302.9255102040802,18.875433168568584
982,26.63775510204042,7.718649222126396,303.093877551019,18.895517539627065
983,26.64183673469348,7.720318003756203,303.25306122448853,18.916712165886196
984,26.64183673469348,7.720318003756208,303.43367346938646,18.937430541395464
985,26.64183673469348,7.72031800375621,303.62244897959044,18.90650014162166
986,26.643877551020115,7.7223111126963095,303.7479591836721,18.900316416435338
987,26.64693877551001,7.722366731666475,303.95612244897836,18.897308221476123
988,26.64693877551001,7.722366731666481,304.0999999999988,18.956313242428866
989,26.64693877551001,7.722366731666481,304.2173469387741,18.986371704346396
990,26.646938775509906,7.722366731666386,304.3989795918354,18.979503483445324
991,26.646938775509906,7.72236673166639,304.55816326530476,18.97603134806104
992,26.64693877550997,7.722366731666348,304.6806122448968,18.95760551745436
993,26.65204081632641,7.722564597118926,304.7765306122437,18.954271540235286
994,26.65204081632641,7.722564597118926,304.96836734693744,18.925645821545487
995,26.65204081632641,7.7225645971189305,305.1122448979579,18.926304941593187
996,26.65204081632641,7.7225645971189305,305.2755102040804,18.90368020689124
997,26.65204081632641,7.722564597118931,305.38469387755,18.900294380118126
998,26.65204081632641,7.722564597118934,305.4867346938764,18.893787033390712
999,26.65204081632641,7.7225645971189385,305.6734693877541,18.903121126897908
