round,bid1_mean,bid1_std,bid2_mean,bid2_std
0,4.897959183673478,8.881784197001252e-15,10.0,0.0
1,0.0,0.0,5.083673469387758,2.8000260306994917
2,5.179591836734694,2.7949171453246135,4.885714285714288,2.81274839247433
3,4.332653061224489,2.2661066796487153,4.438775510204081,2.4116845580071784
4,4.712244897959184,1.9155635176549906,5.279591836734694,2.6656928494008714
5,4.56530612244898,1.809239786415283,4.804081632653062,2.573115740642821
6,4.795918367346939,1.7334929816801574,4.318367346938777,2.6652342397407356
7,4.797959183673471,1.6879648464296213,4.824489795918368,2.412745553901555
8,4.691836734693877,1.6891981097730395,5.128571428571429,2.411387499132072
9,5.006122448979593,1.6477503500712525,5.010204081632653,2.372333769421164
10,5.179591836734694,1.458228601383957,4.446938775510206,2.375127081805771
11,5.242857142857142,1.269149856308386,5.212244897959184,2.2770279554434296
12,5.283673469387754,1.1857458986266636,5.544897959183673,2.6002683038444987
13,5.257142857142858,1.178426088750258,5.267346938775512,2.2280807937154377
14,5.369387755102042,1.2038031500858442,5.240816326530612,2.6095138785252217
15,5.459183673469386,1.1771017428920634,5.297959183673471,2.2340964628713795
16,5.477551020408162,1.1500212771694809,5.814285714285716,2.344452098781692
17,5.548979591836735,1.1117092887488826,5.875510204081634,2.361586058782579
18,5.589795918367346,1.1299913568130968,5.6265306122449,2.1778971857283573
19,5.677551020408163,1.0792735150476063,5.4510204081632665,2.2930449138847844
20,5.812244897959184,1.0291381658608754,5.9510204081632665,2.030939364483197
21,5.8755102040816345,0.981416243275807,5.375510204081633,2.2315409684141922
22,5.910204081632656,0.9859149666845993,5.669387755102037,2.342690031727704
23,5.961224489795919,0.9304399231791185,5.989795918367349,1.9911037041926385
24,6.104081632653062,0.8567029969537797,5.812244897959186,1.9245406533414708
25,6.161224489795922,0.8059002535418959,6.414285714285712,1.7382328845745165
26,6.167346938775511,0.7671840904055744,6.0285714285714285,2.0914972347695624
27,6.1938775510204085,0.773560922912815,5.620408163265307,2.479137440518292
28,6.218367346938776,0.7434035891043379,5.8673469387755075,2.0722829242450103
29,6.285714285714285,0.795656681208895,6.016326530612247,2.0823288151636006
30,6.367346938775511,0.7835246457327536,6.067346938775512,1.930240072855915
31,6.416326530612245,0.7112588929693523,5.814285714285717,2.0813315108304686
32,6.4306122448979615,0.7589504798758546,5.783673469387756,2.1596465689530087
33,6.481632653061224,0.7058510744309326,6.208163265306123,1.8528049809346079
34,6.502040816326531,0.675026030318582,6.073469387755098,2.0611477051772074
35,6.5285714285714285,0.708427875047352,5.944897959183674,2.1419152448882945
36,6.593877551020409,0.7020497151785315,6.393877551020409,1.9958422004581249
37,6.618367346938776,0.7566200956751736,6.47142857142857,2.0160321606155995
38,6.655102040816324,0.668126611887824,6.153061224489797,1.9628738631359526
39,6.70612244897959,0.6719339330090642,6.0653061224489795,1.8592900796181848
40,6.720408163265305,0.6922279310589173,6.546938775510206,1.5560284347645836
41,6.755102040816326,0.661614901120299,6.277551020408161,2.129720667313675
42,6.769387755102041,0.6902999004199432,6.210204081632651,1.9277354845238444
43,6.783673469387756,0.6897355365433034,6.0612244897959195,2.0278157340831666
44,6.791836734693876,0.7040550128064516,6.269387755102042,1.8367528343775381
45,6.8122448979591805,0.6840723782920861,6.306122448979592,1.8968616532609408
46,6.838775510204078,0.665378110541296,6.410204081632656,2.0089543406186583
47,6.857142857142853,0.6329821395620744,6.575510204081634,1.9869587308038221
48,6.879591836734691,0.6358019070220914,6.477551020408165,1.6907076314008682
49,6.899999999999998,0.5947815547542517,6.412244897959187,1.8673592059371797
50,6.981632653061227,0.5738251492898492,6.783673469387752,1.361125046087628
51,7.002040816326533,0.523257505752296,6.642857142857146,1.7906636948735726
52,7.012244897959187,0.5441904755101703,6.522448979591838,2.013887643398518
53,7.0571428571428605,0.539316364274882,6.987755102040819,1.4930409166113139
54,7.06326530612245,0.5194228367126589,6.3959183673469395,2.0958339112209186
55,7.087755102040817,0.5047504445221563,6.502040816326533,1.857259471557411
56,7.091836734693877,0.49770401625539584,6.855102040816327,1.5774058068709484
57,7.1,0.4959603576747236,6.9326530612244905,1.5953532586833765
58,7.144897959183673,0.4868063524883282,6.659183673469389,2.0517371069863994
59,7.163265306122448,0.47904875895124505,6.634693877551022,1.9112972190526827
60,7.177551020408165,0.4751684854301921,6.5408163265306145,1.7848394358443302
61,7.16734693877551,0.6049084248178894,6.479591836734694,2.0029913073765626
62,7.21836734693878,0.4686373771410519,6.881632653061225,1.5986458242744768
63,7.22244897959184,0.4607863188653477,7.000000000000001,1.7712827928354409
64,7.255102040816329,0.43232081967989516,6.381632653061224,2.145257159382852
65,7.216326530612246,0.5688864738020837,6.589795918367348,1.9158244109723717
66,7.214285714285717,0.5628917720326655,6.681632653061225,1.9323459446087752
67,7.236734693877554,0.5562263523980512,6.832653061224489,1.8970768192517777
68,7.291836734693883,0.43278299935584946,6.491836734693882,1.865912240200472
69,7.293877551020413,0.43734460559149874,6.718367346938774,1.9396732615355692
70,7.314285714285718,0.4297554102274245,7.010204081632655,1.4075346127055568
71,7.332653061224496,0.4074023519628228,6.557142857142857,1.8257391969173338
72,7.320408163265312,0.5578973735227568,6.744897959183671,1.9607508612837559
73,7.389795918367351,0.4175402476316943,6.771428571428571,1.783206402211
74,7.387755102040821,0.4101990049437101,6.7448979591836755,1.8917772925078011
75,7.408163265306127,0.40662977235043435,6.777551020408161,1.8871306192676294
76,7.412244897959187,0.4029049038123453,6.628571428571423,1.8313935947684123
77,7.436734693877558,0.3886348773442495,6.722448979591837,1.9708031289116485
78,7.432653061224495,0.38955543388368363,7.171428571428573,1.5910568471549973
79,7.44693877551021,0.38234136965383614,6.816326530612242,1.938453249264347
80,7.4612244897959235,0.34911681274029555,6.746938775510204,1.838280528634712
81,7.477551020408169,0.3481611120348756,6.853061224489793,2.0764601602650234
82,7.493877551020413,0.35239408480243906,6.453061224489796,2.3466335205211504
83,7.487755102040821,0.35429770505430475,6.887755102040822,1.8343238145775584
84,7.5000000000000036,0.3562671479611448,6.793877551020407,1.97343773057782
85,7.495918367346943,0.3544857424603472,6.7795918367346975,1.9639779774842983
86,7.512244897959188,0.3554713069468113,6.9346938775510205,1.7894084238341545
87,7.522448979591843,0.33907043960718597,7.387755102040822,1.4352613038789581
88,7.522448979591843,0.34029656076889336,6.49591836734694,2.216340624602836
89,7.532653061224497,0.3391625524502812,7.130612244897955,1.6058566281595879
90,7.555102040816332,0.3475145282650333,6.930612244897958,1.52745797434504
91,7.54693877551021,0.3581385537146339,7.291836734693881,1.58077132570567
92,7.5693877551020465,0.3559396642196044,6.8122448979591805,1.8951658180005304
93,7.585714285714289,0.3378830141907612,6.855102040816325,1.9698043336508424
94,7.597959183673472,0.3400945552915278,7.036734693877556,1.790222879750919
95,7.604081632653064,0.33237123406589475,7.295918367346942,1.5047820483084204
96,7.616326530612248,0.3238152403314076,7.1306122448979625,1.7816735624262736
97,7.616326530612249,0.32765113861860395,6.824489795918368,1.9845970806886855
98,7.6265306122449035,0.31570709594335694,7.102040816326532,1.88397304536233
99,7.644897959183678,0.3100697883315707,7.095918367346939,1.4314417229076428
100,7.6653061224489845,0.30993543684195335,6.897959183673471,2.1271533421706748
101,7.681632653061229,0.3088585210186549,7.085714285714286,1.615749226937209
102,7.695918367346945,0.3072021774704173,7.1102040816326575,1.6825834443092933
103,7.704081632653065,0.3004577931497034,7.148979591836739,1.9001424791489245
104,7.706122448979596,0.30286704423002697,7.228571428571423,1.6977285950176757
105,7.716326530612251,0.30638764023558385,6.900000000000001,2.1356916152740433
106,7.718367346938781,0.2990753485995489,7.351020408163266,1.7326470517431425
107,7.730612244897965,0.2961364432198703,7.406122448979595,1.5050366640937871
108,7.732653061224496,0.2884634500518684,6.655102040816328,2.3186215367980583
109,7.7367346938775565,0.2986781931394718,7.418367346938778,1.3645646380422043
110,7.753061224489802,0.2978403453255176,6.928571428571429,2.132311270336174
111,7.761224489795924,0.2907071044449389,6.930612244897961,2.0784128760423486
112,7.74897959183674,0.2892708666959634,6.759183673469384,2.1478619882028074
113,7.742857142857148,0.2854517744474427,7.148979591836738,1.9936289611707654
114,7.746938775510209,0.2870522607757919,7.5387755102040845,1.590742690497721
115,7.765306122448987,0.2728518766759375,7.171428571428574,1.8516446981795784
116,7.769387755102047,0.28168440814012863,7.122448979591837,2.0335585230220454
117,7.775510204081638,0.27607651547895273,7.573469387755104,1.0349554875973108
118,7.785714285714291,0.26510981748503226,7.344897959183674,1.6070686733769668
119,7.797959183673475,0.26810921084129596,7.240816326530612,1.8778792969448839
120,7.802040816326537,0.26586283818859663,7.165306122448981,1.7020689568466052
121,7.8122448979591885,0.2708679187434624,7.44489795918368,1.38429340154981
122,7.818367346938782,0.2718119128215076,7.379591836734696,1.738823416030682
123,7.816326530612251,0.2699746235780195,6.904081632653065,2.017634666132806
124,7.81224489795919,0.2724012034851197,7.461224489795921,1.426622577398226
125,7.826530612244904,0.26978171564086284,7.063265306122451,1.953199833010387
126,7.830612244897966,0.2717506145374058,7.29795918367347,1.9545267783056084
127,7.836734693877556,0.269202162413733,7.189795918367349,1.8326155625453195
128,7.838775510204088,0.2769726867782415,7.061224489795921,1.8637469480540207
129,7.851020408163272,0.2775135028664724,7.020408163265307,2.1027341832475517
130,7.853061224489801,0.27755102040816326,7.079591836734693,1.911340800801799
131,7.865306122448983,0.2683033212986905,7.348979591836735,1.7684577270025197
132,7.867346938775513,0.2619489316937437,7.575510204081635,1.399791737945682
133,7.873469387755107,0.26163870221285435,7.383673469387756,1.7451974918943376
134,7.881632653061229,0.26574531935768203,7.10612244897959,2.1973404089875554
135,7.883673469387759,0.2671131552999166,7.614285714285716,1.2496380150586477
136,7.891836734693881,0.26302789485031364,7.404081632653063,1.5550645450512015
137,7.9061224489795965,0.2654944386603987,7.265306122448977,1.5800189265996658
138,7.9061224489795965,0.2623381871709619,7.502040816326526,1.6964868027446347
139,7.916326530612249,0.2634076501750892,7.1714285714285735,1.9380277827722618
140,7.912244897959189,0.2611208340261565,7.3877551020408205,1.5467179854282789
141,7.918367346938779,0.25814511511578614,7.4142857142857155,1.4843498444239476
142,7.924489795918371,0.26302789485031375,7.40204081632653,1.5579477418003325
143,7.930612244897962,0.26297246804644253,7.277551020408165,1.8523643389773163
144,7.926530612244901,0.2624969010745066,7.461224489795922,1.6319692445509963
145,7.938775510204087,0.25243503830312214,7.510204081632655,1.7842851423995425
146,7.940816326530617,0.25505305652154575,7.422448979591835,1.806014063391492
147,7.944897959183677,0.2553141974937922,7.267346938775514,1.8504915654322618
148,7.95714285714286,0.2423249184410456,7.3714285714285745,1.6962805674274246
149,7.963265306122452,0.2362063068772292,7.49183673469388,1.5432930493163977
150,7.973469387755105,0.23844386526944109,7.3204081632653075,1.822314139034335
151,7.979591836734698,0.23712142935963762,7.442857142857146,1.79439986823739
152,7.987755102040819,0.23092808424188777,7.306122448979594,1.6967028319042055
153,7.983673469387758,0.22958956914979958,7.477551020408168,1.8506322298462679
154,7.989795918367349,0.22976184182036116,7.520408163265309,1.6482355868536906
155,7.983673469387758,0.23673469387755086,7.444897959183674,1.7211911453313897
156,8.000000000000002,0.22168939777959598,7.448979591836738,1.8551233693571956
157,8.000000000000002,0.2290810644963635,7.35714285714286,1.8615947984642907
158,8.004081632653063,0.22648464324906237,7.444897959183675,1.8783228227345974
159,8.014285714285716,0.22514745966200278,7.363265306122452,1.9443914367076458
160,8.024489795918369,0.2251937016185096,7.216326530612246,1.8395715054368393
161,8.024489795918369,0.22703565690078975,7.144897959183676,2.1990674256808376
162,8.028571428571428,0.23308231077990563,7.430612244897961,1.6400584603714794
163,8.034693877551021,0.22845295763583662,7.565306122448975,1.307478568943508
164,8.042857142857143,0.22559099116238587,7.555102040816328,1.5941845584803822
165,8.008163265306123,0.38084060556504085,7.446938775510201,1.623826908131481
166,8.048979591836735,0.22228977639494027,7.208163265306126,2.002264440692664
167,8.010204081632653,0.38546585239845105,7.497959183673474,1.7599884517435678
168,8.010204081632653,0.38438384085382377,7.746938775510205,1.2530412815005427
169,8.046938775510204,0.2277225490597509,7.642857142857143,1.8071022362597189
170,8.051020408163264,0.22610734496081966,7.575510204081633,1.3330389790313064
171,8.05918367346939,0.22997926495093401,7.573469387755104,1.549917706834522
172,8.06530612244898,0.22813369163236097,7.114285714285715,2.220089262813655
173,8.067346938775511,0.22990681342044383,7.330612244897959,2.014044813252075
174,8.03265306122449,0.3877765837228937,7.761224489795916,1.3627565346610333
175,8.036734693877552,0.3880557373758147,7.832653061224494,1.4484851125225626
176,8.038775510204083,0.3871047177108141,7.144897959183673,2.21209710327908
177,8.042857142857144,0.3883936739711929,7.440816326530613,1.7180279852980822
178,8.083673469387756,0.22336452669740434,7.904081632653061,1.1786858324189649
179,8.085714285714285,0.22868073188296204,7.736734693877549,1.6665099190486026
180,8.09795918367347,0.22886278806328456,7.587755102040818,1.5727214400617764
181,8.09795918367347,0.22886278806328456,7.618367346938776,1.689829192218985
182,8.100000000000001,0.22852587009524855,7.583673469387755,1.408819722762751
183,8.100000000000001,0.22852587009524855,7.546938775510204,1.7863800508190253
184,8.106122448979592,0.2237092180578729,7.57551020408163,1.8377049591455026
185,8.116326530612248,0.22141681526207443,7.695918367346941,1.605461057193259
186,8.12448979591837,0.21731579732828843,7.451020408163267,1.8911431262682514
187,8.12857142857143,0.2141496166446203,7.953061224489797,1.2674290945798852
188,8.134693877551022,0.2179377808034691,7.424489795918371,1.5189432745783902
189,8.142857142857146,0.20912144420325707,7.834693877551023,1.4256223203978298
190,8.144897959183675,0.2142273973124514,7.434693877551026,1.6247910191447321
191,8.144897959183675,0.21616281829906292,7.700000000000002,1.5396616838745243
192,8.153061224489797,0.2088723417393746,7.33061224489796,1.693429987588938
193,8.151020408163266,0.20776271987958222,7.61632653061224,1.5247179022306907
194,8.153061224489797,0.2088723417393746,7.59795918367347,1.8403264201706206
195,8.15918367346939,0.20607192753247885,7.387755102040818,1.9519424001989132
196,8.15918367346939,0.20198927398626307,7.644897959183676,1.535480692791087
197,8.159183673469391,0.19991668402054613,7.6102040816326495,1.7702937679915134
198,8.163265306122451,0.202030508910442,7.318367346938775,2.196703448158252
199,8.163265306122451,0.20408163265306106,7.4653061224489825,1.6464164763695046
200,8.169387755102044,0.2029663402561318,7.732653061224491,1.5842033092213694
201,8.167346938775513,0.20198927398626307,7.522448979591838,2.1191143348928083
202,8.169387755102044,0.2029663402561318,7.834693877551022,1.4840243247955052
203,8.169387755102044,0.2029663402561318,7.744897959183677,1.4098998460919114
204,8.173469387755105,0.1965444926965122,7.65510204081633,1.8128825408830915
205,8.175510204081634,0.19536486438815193,7.765306122448981,1.5919348478398114
206,8.175510204081634,0.19536486438815193,7.887755102040817,1.2002273143023794
207,8.179591836734696,0.19506617380160826,7.689795918367343,1.84733449363182
208,8.189795918367349,0.20131802272123192,7.346938775510205,1.8978494591939055
209,8.18775510204082,0.1984529923451953,7.608163265306125,1.904439234088308
210,8.187755102040818,0.2005407101475631,7.575510204081633,1.882044312842255
211,8.18775510204082,0.19845299234519528,7.165306122448981,2.1485628605374725
212,8.18775510204082,0.19845299234519528,7.281632653061227,2.2495091787297734
213,8.191836734693881,0.19579077477896234,7.306122448979591,2.185294077254051
214,8.200000000000001,0.1986627514063339,7.6428571428571415,1.7337031985054767
215,8.19795918367347,0.20007287302118287,7.951020408163265,1.1384462986941508
216,8.200000000000001,0.1986627514063339,7.602040816326529,1.725757292920745
217,8.202040816326534,0.19722143192655792,7.597959183673472,1.7486485529590934
218,8.210204081632654,0.1954394657083146,7.712244897959182,1.7719398773038761
219,8.212244897959186,0.19811691591039335,7.422448979591837,2.2064716822259025
220,8.216326530612246,0.1927896437325638,7.783673469387756,1.4753337744182475
221,8.220408163265308,0.19161950358049779,7.746938775510207,1.6069196476030032
222,8.222448979591839,0.19208624676800176,7.810204081632653,1.3966864458084494
223,8.230612244897962,0.197980221899117,7.681632653061225,1.5262577514512605
224,8.234693877551022,0.19865226871358946,7.814285714285717,1.4586612451394043
225,8.240816326530613,0.1931349904378934,7.726530612244899,1.7162331018760275
226,8.244897959183675,0.19144554121728263,7.6265306122448955,1.8327973671652522
227,8.246938775510205,0.1938130934740971,7.718367346938777,1.8347790041770964
228,8.248979591836736,0.19183673469387727,7.591836734693874,1.8237637234897053
229,8.253061224489798,0.18996042903216476,7.6897959183673485,1.7977448967718472
230,8.255102040816329,0.19225962940221183,7.681632653061225,1.7267573547256503
231,8.25714285714286,0.19235708845629657,7.4326530612244905,2.2229314893845222
232,8.26326530612245,0.19467077259899546,7.740816326530612,1.7813076824508782
233,8.267346938775512,0.19679861777974106,7.746938775510209,1.7605326519718096
234,8.265306122448983,0.1968091992039378,7.648979591836735,1.8108102429419148
235,8.263265306122452,0.19467077259899554,7.499999999999997,1.7411345021093723
236,8.265306122448983,0.1968091992039378,7.728571428571432,1.5656280434208147
237,8.273469387755105,0.2008312587778372,7.751020408163264,1.8916903274260137
238,8.275510204081634,0.2007379140092448,7.587755102040819,1.815840338505502
239,8.273469387755105,0.2008312587778372,7.632653061224489,1.8148354347278124
240,8.275510204081634,0.2007379140092448,7.528571428571431,2.1512750110716072
241,8.273469387755105,0.1987465930439157,7.548979591836735,1.8685442799001377
242,8.277551020408167,0.20062376697868564,7.63061224489796,1.9412218722627002
243,8.281632653061228,0.20033291741727358,7.661224489795915,1.616094603026339
244,8.285714285714288,0.19786448397617648,7.548979591836733,1.8858501143765933
245,8.285714285714288,0.19786448397617648,7.9204081632653045,1.5169993288611228
246,8.28979591836735,0.19740085370357116,7.726530612244898,1.7164757633682848
247,8.293877551020413,0.1968515192128569,7.657142857142862,1.9301591563943403
248,8.293877551020413,0.1968515192128569,7.793877551020405,1.438361497822201
249,8.297959183673475,0.19621576068117386,7.528571428571428,2.088203913695414
250,8.297959183673475,0.19621576068117386,7.944897959183672,1.4634958404343905
251,8.297959183673475,0.19621576068117386,8.042857142857143,1.1407031450555065
252,8.300000000000004,0.19586521387805647,7.82448979591837,1.522076881813937
253,8.310204081632657,0.19591836734693857,7.777551020408164,1.6769240101378353
254,8.308163265306126,0.1920862467680018,7.918367346938779,1.5907898179514344
255,8.310204081632657,0.1916195035804978,7.671428571428566,1.6592464280122179
256,8.314285714285718,0.19061705189935677,7.683673469387753,1.7615862659626287
257,8.316326530612248,0.19441386615569006,7.4183673469387745,1.9858673934723021
258,8.314285714285718,0.19278964373256374,8.038775510204081,1.5208929510640843
259,8.316326530612248,0.19225962940221172,8.06530612244898,1.4051965198772802
260,8.318367346938778,0.18731092090748977,7.493877551020408,2.0101947580846673
261,8.32040816326531,0.1867207533549613,7.828571428571433,1.657595193115587
262,8.32448979591837,0.18546742956712722,8.012244897959183,1.4618913083460554
263,8.324489795918371,0.1854674295671273,7.883673469387755,1.7197810365937787
264,8.328571428571431,0.1863635209275893,8.00612244897959,1.283559905427281
265,8.334693877551022,0.18189616289924207,7.493877551020413,1.8886274873363817
266,8.320408163265308,0.2288172875980019,7.87551020408163,1.5781977183855538
267,8.336734693877553,0.18338980362868793,7.702040816326533,1.7504970437111995
268,8.336734693877553,0.18338980362868795,7.934693877551021,1.5080735109024752
269,8.344897959183674,0.18456698764390836,7.955102040816325,1.5272016423216261
270,8.344897959183674,0.18456698764390836,7.722448979591839,1.5915017962646272
271,8.312244897959184,0.3859841405654037,7.883673469387756,1.707629204786927
272,8.355102040816327,0.17982359813804638,7.87142857142858,1.5945176273636315
273,8.357142857142858,0.17878995375444098,7.7367346938775485,1.6749856247090869
274,8.357142857142858,0.17878995375444098,7.9102040816326555,1.8460354087960895
275,8.357142857142858,0.17878995375444098,7.720408163265306,1.9388947331763595
276,8.359183673469389,0.1800550612254102,7.72040816326531,1.9608952982448817
277,8.361224489795918,0.17425990345607242,7.871428571428574,1.4944726705760494
278,8.36530612244898,0.17195012982554556,8.167346938775509,1.1655830829954872
279,8.36938775510204,0.17435547999058917,7.853061224489796,1.6857389927526734
280,8.375510204081632,0.17536776374645557,7.771428571428573,1.791432244801196
281,8.375510204081632,0.17772686577205887,7.697959183673468,1.8813360251383984
282,8.373469387755101,0.17897621759321344,7.691836734693875,1.8790355710357978
283,8.375510204081632,0.17772686577205887,7.5448979591836745,1.9353256094244091
284,8.377551020408164,0.1764450659774547,7.979591836734698,1.2341456026727222
285,8.383673469387753,0.17949904838608977,8.05714285714286,1.3452308280891114
286,8.381632653061224,0.1785101935824057,7.936734693877551,1.6372117478725616
287,8.381632653061224,0.18082830383696774,7.675510204081635,2.073592917740797
288,8.383673469387755,0.17949904838608965,7.861224489795919,1.783229758475298
289,8.387755102040815,0.17908090586514516,7.755102040816329,1.7336131087016577
290,8.389795918367346,0.1776682699886682,7.714285714285712,1.8228500141520503
291,8.387755102040815,0.17908090586514516,8.116326530612241,1.176209754999125
292,8.389795918367348,0.1776682699886682,8.081632653061227,1.3118496881623023
293,8.391836734693879,0.1762206787340644,7.942857142857145,1.484244619594594
294,8.39795918367347,0.17406859295134652,7.922448979591836,1.661826095748726
295,8.39795918367347,0.17644506597745468,7.61428571428571,1.9488876995112165
296,8.404081632653062,0.18111598148843902,8.020408163265305,1.5613245266069518
297,8.404081632653062,0.17880160092905711,7.624489795918366,1.868326942574074
298,8.406122448979591,0.1771988061743671,7.808163265306124,1.756672292344405
299,8.410204081632653,0.18320802704715367,7.877551020408164,1.348483962178105
300,8.418367346938775,0.17878995375444107,7.8122448979591805,2.018465361521011
301,8.414285714285713,0.1703928870092788,8.159183673469391,1.1857757544922605
302,8.422448979591834,0.1679307883850668,8.042857142857146,1.5534607547456023
303,8.424489795918365,0.17094197217446452,8.0265306122449,1.4317908330435953
304,8.422448979591834,0.17281991262318025,8.19387755102041,0.906901209751222
305,8.430612244897956,0.17243388413582572,7.6918367346938785,2.1502680402060026
306,8.430612244897956,0.17243388413582572,8.004081632653062,1.603198593732367
307,8.430612244897956,0.17243388413582572,7.700000000000001,1.867732758179466
308,8.432653061224489,0.17527273921292957,7.957142857142858,1.5508847953603124
309,8.393877551020406,0.3911292507541487,7.88979591836735,1.7170094979333514
310,8.395918367346937,0.39258007722574123,7.702040816326533,2.0335831000739284
311,8.434693877551018,0.1733012390325845,7.787755102040819,1.82985559863888
312,8.436734693877549,0.1736973292322709,8.216326530612244,1.2117088074571125
313,8.43877551020408,0.17406859295134655,8.177551020408163,1.1731605627346375
314,8.44081632653061,0.17201067351596294,8.216326530612246,1.3618898107873352
315,8.43877551020408,0.17165922287000718,7.800000000000001,1.8398114819312952
316,8.43877551020408,0.17165922287000718,7.5632653061224495,2.1413639112140412
317,8.40204081632653,0.391554958208669,8.238775510204082,1.3158613321310688
318,8.44285714285714,0.1699033216044098,8.085714285714284,1.4337457313475894
319,8.44489795918367,0.1652431222856909,7.859183673469388,1.6770730239110636
320,8.448979591836732,0.1606940382451388,7.979591836734699,1.4757515256972178
321,8.453061224489792,0.16372384587862487,8.046938775510204,1.4425713425341253
322,8.455102040816323,0.16643604758042665,8.022448979591836,1.7528925342325172
323,8.455102040816321,0.1587513753232194,7.836734693877551,1.6136650939404726
324,8.459183673469385,0.15642560935465183,8.048979591836735,1.5459961588833155
325,8.461224489795915,0.15918367346938753,8.022448979591836,1.2446286092018835
326,8.461224489795915,0.15918367346938753,7.924489795918369,1.7648176745506872
327,8.461224489795915,0.1565453788633884,8.253061224489802,1.310998551168605
328,8.463265306122445,0.15927522223547216,7.804081632653061,1.751329595460744
329,8.465306122448975,0.1593405820076989,7.908163265306119,1.8420275213527837
330,8.467346938775508,0.1619719177021588,8.0265306122449,1.5694541001342333
331,8.467346938775508,0.1619719177021588,8.138775510204079,1.2074598062351682
332,8.471428571428568,0.15937978500546468,8.134693877551019,1.316609683198685
333,8.471428571428568,0.15937978500546468,7.6714285714285735,2.014750892257129
334,8.471428571428568,0.15937978500546468,7.88979591836735,1.7929520957978518
335,8.471428571428568,0.15937978500546468,7.653061224489798,2.3346617665838
336,8.473469387755099,0.15934058200769896,7.9081632653061265,1.4880826044167303
337,8.477551020408159,0.1591836734693876,8.151020408163268,1.2257884270154786
338,8.47959183673469,0.1590658904910192,8.034693877551025,1.7304040594842436
339,8.48163265306122,0.1615212974482397,8.261224489795921,1.1834904855044113
340,8.483673469387751,0.16135360368687304,8.159183673469393,1.4065296646804106
341,8.483673469387751,0.16135360368687304,7.8448979591836725,1.9658305613450944
342,8.48163265306122,0.1615212974482397,8.144897959183679,1.267310788534339
343,8.485714285714282,0.16115989406040493,7.902040816326531,1.8668907661835248
344,8.485714285714282,0.16115989406040493,8.216326530612243,1.3284507296500954
345,8.485714285714282,0.16115989406040493,8.14897959183674,1.2577970071201348
346,8.487755102040813,0.1635074734608512,7.863265306122452,1.84656214448257
347,8.487755102040813,0.1635074734608512,7.908163265306124,1.7806341733051245
348,8.491836734693873,0.160421664280978,7.993877551020407,1.7910544059430185
349,8.499999999999996,0.1667360677384508,8.08775510204082,1.4079133170659022
350,8.504081632653058,0.16842608746502263,8.183673469387754,1.5503489416578533
351,8.504081632653058,0.16842608746502263,7.932653061224494,1.688744373595445
352,8.504081632653058,0.16842608746502263,7.881632653061224,1.98259397855396
353,8.506122448979589,0.16799278063066653,8.332653061224491,1.1645374354512024
354,8.506122448979589,0.16799278063066653,8.0530612244898,1.675315059853199
355,8.510204081632649,0.16704801575249886,7.955102040816329,1.5187238993254637
356,8.51224489795918,0.16401613069663715,7.846938775510203,1.8505995966547413
357,8.51224489795918,0.16401613069663715,8.014285714285712,1.5694010243328533
358,8.51224489795918,0.16401613069663715,7.922448979591838,1.958839255440509
359,8.51224489795918,0.16401613069663715,8.206122448979599,1.3965194433311099
360,8.516326530612242,0.1523247588321393,8.2734693877551,1.3208418049559467
361,8.516326530612242,0.1523247588321393,8.212244897959183,1.21907646953227
362,8.516326530612242,0.1523247588321393,8.020408163265303,1.3752437215372606
363,8.516326530612242,0.1523247588321393,7.918367346938776,1.6935086886305915
364,8.516326530612242,0.1523247588321393,7.983673469387758,1.7618002227805478
365,8.516326530612242,0.1523247588321393,8.191836734693887,1.3880611907337357
366,8.516326530612242,0.1523247588321393,8.07551020408163,1.4575072430689668
367,8.520408163265301,0.15100661823417072,7.99183673469388,1.751710058755688
368,8.526530612244892,0.14879776435557676,7.967346938775511,1.6071788139806622
369,8.524489795918363,0.14956552375979776,8.257142857142858,1.1367988110741674
370,8.528571428571423,0.14799788374951733,8.016326530612245,1.391375828886464
371,8.528571428571423,0.14799788374951733,8.020408163265309,1.4049060228159769
372,8.528571428571423,0.14799788374951733,7.930612244897965,1.9081403469102765
373,8.530612244897954,0.1499687597622353,7.991836734693876,1.6924557593310368
374,8.532653061224485,0.14911930826229833,8.120408163265306,1.4660662572750705
375,8.532653061224485,0.14911930826229833,8.142857142857146,1.4383050323549107
376,8.532653061224485,0.14911930826229833,8.195918367346943,1.4055640015425552
377,8.532653061224485,0.14911930826229833,7.97142857142857,1.8280565966210707
378,8.534693877551016,0.1510204081632651,8.114285714285717,1.743941735841299
379,8.536734693877547,0.15287062963308157,7.867346938775509,1.7955414725114365
380,8.536734693877547,0.15287062963308157,7.781632653061222,1.8801346465203579
381,8.536734693877547,0.15287062963308157,8.226530612244902,1.3066628346409428
382,8.542857142857137,0.15277524303847254,8.171428571428573,1.2852023600218552
383,8.542857142857137,0.15002429346521703,7.783673469387754,1.8554645926678037
384,8.546938775510199,0.15074436989893356,7.838775510204082,1.724724051230987
385,8.54897959183673,0.1524340893747146,8.071428571428575,1.8265876173979867
386,8.55102040816326,0.15135098953256437,8.028571428571428,1.6418668583378264
387,8.553061224489793,0.15297957005640936,7.983673469387758,1.6557750462392056
388,8.553061224489792,0.15297957005640925,8.2265306122449,1.237244792762462
389,8.553061224489793,0.15297957005640936,8.379591836734695,0.9854501695425272
390,8.557142857142853,0.15341455816043056,7.857142857142858,2.051908630902218
391,8.557142857142853,0.15341455816043056,7.924489795918364,1.681675995082431
392,8.557142857142853,0.15341455816043056,8.08571428571429,1.5104191793867658
393,8.559183673469384,0.15494083996818198,8.175510204081634,1.4556672343097157
394,8.559183673469384,0.15494083996818198,8.306122448979597,1.4316293801873952
395,8.559183673469384,0.15494083996818198,8.146938775510202,1.4496060732477756
396,8.561224489795915,0.15373999156448312,7.873469387755104,1.990016732907325
397,8.561224489795915,0.15373999156448312,8.026530612244901,1.7624561162903405
398,8.561224489795915,0.15373999156448312,8.163265306122453,1.362006017425599
399,8.563265306122448,0.15520941503535937,8.242857142857146,1.2200241700175067
400,8.565306122448977,0.15663846961213665,8.29387755102041,1.3498792887245317
401,8.565306122448977,0.15663846961213665,8.234693877551019,1.3170382508754463
402,8.567346938775508,0.155370337229994,7.934693877551023,1.6575348887847052
403,8.567346938775508,0.155370337229994,8.216326530612244,1.49847069062502
404,8.567346938775508,0.155370337229994,8.189795918367347,1.405544740776934
405,8.567346938775508,0.155370337229994,8.277551020408163,1.4339025889981256
406,8.5734693877551,0.15674479134140729,8.05714285714286,1.772218388769485
407,8.57755102040816,0.15395656500034507,8.248979591836738,1.1566874531277833
408,8.579591836734691,0.15520941503535934,8.169387755102045,1.5363037040964016
409,8.579591836734691,0.15520941503535934,8.291836734693879,1.097365365556385
410,8.579591836734691,0.15520941503535934,7.820408163265308,1.9729279800997708
411,8.583673469387753,0.15760599654128818,7.855102040816329,1.9724244326312352
412,8.583673469387753,0.15760599654128818,7.793877551020411,2.1647463162945613
413,8.581632653061222,0.15642560935465186,7.753061224489795,2.075118860221822
414,8.585714285714284,0.15341455816043056,8.342857142857149,1.2418094843823169
415,8.587755102040814,0.15456405084703237,8.208163265306125,1.3440228176798124
416,8.587755102040814,0.15456405084703237,7.818367346938772,2.118657327484467
417,8.589795918367345,0.1529795700564094,8.3061224489796,1.358178214855089
418,8.589795918367345,0.1529795700564094,7.977551020408161,1.6587443251929606
419,8.593877551020407,0.14686789673732292,8.216326530612246,1.3505270694304774
420,8.593877551020407,0.14686789673732292,8.21224489795918,1.354068944775461
421,8.593877551020407,0.14686789673732292,8.083673469387756,1.7659595346112027
422,8.593877551020407,0.14686789673732292,8.181632653061227,1.2494380244439018
423,8.593877551020407,0.14686789673732292,8.191836734693878,1.42828568570857
424,8.595918367346938,0.14795566498279056,7.791836734693878,2.025736120645356
425,8.595918367346938,0.14795566498279056,8.165306122448978,1.3609337877638346
426,8.597959183673469,0.14618571199221395,8.114285714285714,1.440509882425698
427,8.597959183673469,0.14618571199221395,8.304081632653064,1.0559898368877247
428,8.595918367346938,0.14795566498279056,8.089795918367349,1.5300733745298725
429,8.597959183673469,0.14618571199221395,8.200000000000005,1.2985687183850454
430,8.597959183673469,0.14618571199221395,8.193877551020408,1.3389917072819868
431,8.6,0.14436521782716225,8.146938775510208,1.4678790440507516
432,8.60408163265306,0.14349710882650543,8.089795918367349,1.5270761875663692
433,8.60612244897959,0.1444661574114659,8.263265306122452,1.0495809441236004
434,8.612244897959185,0.1471653581822035,8.179591836734694,1.4389361612437657
435,8.614285714285714,0.1422582197374974,8.222448979591837,1.5389690237222697
436,8.618367346938776,0.14388840601691674,8.367346938775514,0.9744764396990465
437,8.616326530612247,0.14309018892210684,8.512244897959185,0.7942394642238648
438,8.620408163265306,0.1446534297687292,8.02448979591837,1.6079457016408356
439,8.620408163265306,0.1446534297687292,8.002040816326527,2.0079589658812886
440,8.620408163265306,0.1446534297687292,8.057142857142862,1.5213269378446388
441,8.620408163265306,0.1446534297687292,8.202040816326534,1.532025198170732
442,8.624489795918368,0.14320656973754137,8.02040816326531,1.6970710000395814
443,8.622448979591837,0.14538578417117337,8.010204081632656,1.717774632374735
444,8.622448979591837,0.14538578417117337,7.873469387755103,1.7829261031740566
445,8.622448979591837,0.14538578417117337,8.167346938775513,1.6226684487680283
446,8.624489795918368,0.14320656973754137,7.730612244897961,2.0390359581145123
447,8.624489795918368,0.14320656973754137,8.118367346938781,1.7076109120850838
448,8.624489795918368,0.14320656973754137,8.2265306122449,1.5909717691856418
449,8.624489795918368,0.14320656973754137,8.269387755102041,1.475463628700086
450,8.626530612244899,0.14388840601691663,8.034693877551021,1.595927501409219
451,8.628571428571432,0.14453821395612865,8.004081632653065,1.521080525212782
452,8.628571428571432,0.1386554102160246,8.159183673469386,1.4705154402935081
453,8.630612244897963,0.13929973017617558,7.9530612244898,2.0845228035733365
454,8.634693877551024,0.1404906022815976,8.085714285714289,1.7654606514882605
455,8.634693877551024,0.1404906022815976,8.100000000000005,1.5624431684791598
456,8.638775510204086,0.13858029486828527,8.157142857142858,1.5650426833102955
457,8.638775510204086,0.13858029486828527,8.346938775510209,1.2113237756531998
458,8.638775510204086,0.13858029486828527,7.997959183673469,1.8188917908822324
459,8.638775510204086,0.13858029486828527,8.206122448979595,1.5679247978124364
460,8.638775510204086,0.13858029486828527,8.002040816326533,1.8933001846875144
461,8.638775510204086,0.13858029486828527,8.19183673469388,1.5304816270797963
462,8.638775510204086,0.13858029486828527,8.175510204081634,1.5013030575039257
463,8.640816326530617,0.1390753064277616,7.9530612244897965,1.8481403240084762
464,8.642857142857148,0.13953871766507472,8.173469387755105,1.5708652581646274
465,8.642857142857148,0.13953871766507472,8.273469387755107,1.4266517714452709
466,8.642857142857148,0.13953871766507472,8.059183673469388,1.8025145562605114
467,8.642857142857148,0.13953871766507472,8.51836734693878,0.5601064931169968
468,8.64693877551021,0.14037196970626634,8.153061224489797,1.6743091471907197
469,8.64693877551021,0.14037196970626634,7.993877551020411,1.7998692626870199
470,8.64693877551021,0.14037196970626634,7.987755102040818,1.8799939741323228
471,8.64693877551021,0.14037196970626634,8.206122448979594,1.5620699324835567
472,8.64897959183674,0.1407423644862584,8.530612244897963,0.8792105807566538
473,8.64897959183674,0.14367115025957578,8.1265306122449,1.5682129835206164
474,8.64693877551021,0.14037196970626634,8.240816326530613,1.6696771367367034
475,8.651020408163271,0.14400414173320905,8.10408163265306,1.5414027806768151
476,8.651020408163271,0.14400414173320905,8.155102040816326,1.7283003425723718
477,8.651020408163271,0.14400414173320905,8.27142857142857,1.4987027571155527
478,8.6530612244898,0.14139190265868365,8.446938775510207,1.079086336652072
479,8.6530612244898,0.14139190265868365,8.224489795918371,1.5538373989012086
480,8.661224489795924,0.13635341296726575,8.167346938775509,1.4396017312170457
481,8.659183673469393,0.13918008254389805,8.267346938775512,1.4751855571943941
482,8.663265306122456,0.13343568194512248,8.379591836734695,1.3871006860364652
483,8.661224489795925,0.13326389973317965,8.159183673469393,1.7838135656932286
484,8.663265306122454,0.13027699321228253,8.038775510204081,1.6198207437807761
485,8.667346938775518,0.13053250116691725,8.451020408163265,0.9830275633660325
486,8.665306122448987,0.13042077802996288,8.228571428571431,1.5358766610205248
487,8.667346938775518,0.13053250116691725,8.5265306122449,0.7131653020314825
488,8.669387755102047,0.1306122448979591,8.340816326530616,1.3765014898358083
489,8.67142857142858,0.12743259808774826,8.14897959183674,1.4228032235384098
490,8.67346938775511,0.13067600484556818,8.140816326530615,1.6569354952195987
491,8.677551020408172,0.12738356354552835,8.167346938775513,1.4465285391794238
492,8.677551020408172,0.12738356354552835,8.222448979591839,1.6015649884810157
493,8.677551020408172,0.12738356354552835,8.112244897959183,1.867625718010417
494,8.679591836734701,0.12730179733674027,8.002040816326534,1.8762850656674777
495,8.679591836734701,0.12730179733674027,8.395918367346944,1.52666702435359
496,8.681632653061234,0.12718723633373785,8.310204081632655,1.527501601043734
497,8.681632653061234,0.12718723633373785,8.2265306122449,1.5230274657375975
498,8.683673469387763,0.1270397918162115,8.240816326530613,1.5975251580399594
499,8.683673469387763,0.1270397918162115,8.216326530612246,1.6480447946423835
500,8.685714285714294,0.12685934912587793,8.29387755102041,1.350187794487557
501,8.685714285714294,0.12685934912587793,8.21632653061225,1.5012475722609822
502,8.685714285714294,0.12685934912587793,8.100000000000003,1.822323281082332
503,8.687755102040827,0.1266457672171445,8.357142857142858,1.3148227448895788
504,8.687755102040827,0.1266457672171445,8.21632653061225,1.5672140674971942
505,8.687755102040827,0.1266457672171445,8.208163265306125,1.8712360526796123
506,8.687755102040827,0.1266457672171445,8.236734693877551,1.6887110783688692
507,8.687755102040827,0.1266457672171445,8.379591836734697,1.301592911252301
508,8.687755102040827,0.1266457672171445,8.244897959183673,1.4642768256858858
509,8.687755102040827,0.1266457672171445,8.459183673469393,1.259491246793596
510,8.687755102040827,0.1266457672171445,8.232653061224493,1.525083893746647
511,8.687755102040827,0.1266457672171445,8.106122448979596,1.7405854334041642
512,8.689795918367356,0.12965208305525383,8.442857142857145,1.2896457546272757
513,8.689795918367356,0.12965208305525383,8.248979591836738,1.633973955462681
514,8.689795918367356,0.12965208305525383,8.2,1.617887310745319
515,8.689795918367356,0.12965208305525383,8.108163265306125,1.682864369598445
516,8.689795918367356,0.12965208305525383,8.259183673469389,1.4975907348681237
517,8.691836734693887,0.12937874171914668,8.044897959183675,1.7641390503362493
518,8.691836734693887,0.12937874171914668,8.38775510204082,1.4304652170510246
519,8.695918367346948,0.12873329622783805,8.46938775510205,1.2232987404608744
520,8.693877551020416,0.12907255755789293,8.340816326530616,1.148185465226445
521,8.695918367346948,0.12873329622783805,8.389795918367348,1.1716116617211025
522,8.695918367346948,0.12873329622783805,8.102040816326534,1.7585395856749055
523,8.695918367346948,0.12873329622783805,8.124489795918368,1.663908727433035
524,8.697959183673479,0.12836069545727657,7.963265306122452,2.131257232891661
525,8.70000000000001,0.13116909358548084,8.202040816326532,1.846390718098885
526,8.70000000000001,0.13116909358548084,8.034693877551023,1.5626990502117475
527,8.70204081632654,0.13073973369834258,8.31632653061225,1.3715667447401048
528,8.70204081632654,0.13073973369834258,8.285714285714292,1.449698011034942
529,8.706122448979603,0.12978051506599705,8.075510204081633,2.0418884938722166
530,8.706122448979603,0.12978051506599705,8.25102040816327,1.4654866013576688
531,8.706122448979603,0.12978051506599705,8.302040816326532,1.5608923216065052
532,8.706122448979603,0.12978051506599705,8.173469387755105,1.7466276186747334
533,8.706122448979603,0.12978051506599705,8.230612244897962,1.514900309845947
534,8.708163265306133,0.12924991047811438,8.544897959183679,0.9666039512991977
535,8.706122448979603,0.12978051506599705,8.348979591836738,1.3859817601253814
536,8.710204081632664,0.12868475730966897,8.35510204081633,1.3241171136945713
537,8.714285714285724,0.13382527600616342,8.26122448979592,1.5682395417499855
538,8.716326530612255,0.13627702877384937,8.155102040816331,1.7343144843219602
539,8.716326530612255,0.13627702877384937,7.936734693877554,2.0826118145282133
540,8.716326530612255,0.13627702877384937,8.434693877551027,1.1095942953207028
541,8.716326530612255,0.13627702877384937,8.012244897959189,2.15972370855459
542,8.716326530612255,0.13627702877384937,8.18571428571429,1.8504915654322618
543,8.718367346938786,0.13561834878233595,8.508163265306127,1.069705125051105
544,8.718367346938786,0.13561834878233595,8.304081632653064,1.6228519586826402
545,8.720408163265317,0.1349255891923723,8.263265306122449,1.5615899265520612
546,8.720408163265317,0.1349255891923723,8.138775510204084,1.8866858527248611
547,8.722448979591848,0.13419822222672337,8.361224489795923,1.346460954208412
548,8.722448979591848,0.13419822222672337,8.461224489795924,1.2178117216635234
549,8.722448979591848,0.13419822222672337,8.344897959183678,1.3671626436872992
550,8.724489795918378,0.13343568194512267,8.430612244897961,1.0782368720214448
551,8.724489795918378,0.13343568194512267,8.383673469387755,1.3193463225655118
552,8.724489795918378,0.13343568194512267,8.026530612244903,1.938250197361487
553,8.72653061224491,0.13263736170834234,8.048979591836734,1.8824957071567416
554,8.72857142857144,0.13180261136708182,7.8755102040816345,2.1782490322077597
555,8.730612244897971,0.13407402208699476,8.218367346938775,1.5776064620508299
556,8.730612244897971,0.13407402208699476,8.451020408163268,1.2316440660242558
557,8.730612244897971,0.13407402208699476,8.391836734693882,1.3715378965171448
558,8.730612244897971,0.13407402208699476,8.328571428571433,1.4398085739764017
559,8.730612244897971,0.13407402208699476,8.316326530612251,1.618658130707847
560,8.730612244897971,0.13407402208699476,8.33469387755102,1.5186525955450942
561,8.730612244897971,0.13407402208699476,8.2265306122449,1.5573701923012357
562,8.7326530612245,0.13002098315262436,8.171428571428573,1.7636054093768647
563,8.734693877551031,0.12907255755789324,8.46326530612245,1.1873465178439135
564,8.734693877551031,0.12907255755789324,8.263265306122452,1.7017263449517595
565,8.734693877551031,0.12907255755789324,8.183673469387756,1.7834679748996642
566,8.734693877551031,0.12907255755789324,8.297959183673473,1.624012851737094
567,8.734693877551031,0.12907255755789324,8.24285714285715,1.6667098425616744
568,8.734693877551031,0.12907255755789324,8.304081632653064,1.3381578341154605
569,8.734693877551031,0.12907255755789324,8.49387755102041,1.079427864558584
570,8.734693877551031,0.12907255755789324,8.438775510204083,1.3420986009705844
571,8.734693877551031,0.12907255755789324,8.371428571428574,1.4335133180939938
572,8.736734693877562,0.13129604168544365,8.334693877551024,1.630539448197523
573,8.736734693877562,0.13129604168544365,8.144897959183677,1.857052027381884
574,8.736734693877562,0.13129604168544365,8.36938775510204,1.5567817271877875
575,8.738775510204093,0.1334512875450761,8.224489795918375,1.549542797773732
576,8.742857142857156,0.1313753219545397,8.330612244897964,1.4835990773815317
577,8.744897959183685,0.13027699321228278,8.422448979591842,1.3095792902815617
578,8.742857142857154,0.1313753219545396,8.151020408163268,1.871066886910681
579,8.744897959183685,0.13027699321228278,8.551020408163268,0.9656749521894674
580,8.746938775510216,0.1323229802240601,8.40408163265306,1.2242788934020117
581,8.746938775510216,0.1323229802240601,8.379591836734697,1.4109171533654885
582,8.748979591836747,0.13116909358548112,8.477551020408164,1.0463717285230874
583,8.748979591836747,0.13116909358548112,8.397959183673471,1.5182836821364785
584,8.748979591836747,0.13116909358548112,8.310204081632657,1.1882669491142774
585,8.748979591836747,0.13116909358548112,8.130612244897964,1.7200389368237918
586,8.753061224489809,0.1319289498685225,8.45714285714286,1.1130665379336295
587,8.753061224489809,0.1319289498685225,8.567346938775511,0.7163119947359406
588,8.753061224489809,0.1319289498685225,8.3,1.716726881890481
589,8.753061224489809,0.1319289498685225,8.21020408163266,1.590751854278623
590,8.753061224489809,0.1319289498685225,8.371428571428574,1.6265139681119072
591,8.753061224489809,0.1319289498685225,8.438775510204078,1.4004149441600295
592,8.75510204081634,0.1306760048455685,8.579591836734698,0.8932716239116733
593,8.75714285714287,0.12937874171914696,8.269387755102045,1.585145539272252
594,8.75714285714287,0.12937874171914696,8.510204081632658,1.129477069552793
595,8.759183673469401,0.12474046359131563,8.400000000000004,1.4791962877328517
596,8.759183673469401,0.12474046359131563,8.438775510204083,1.3863663519458274
597,8.759183673469401,0.12474046359131563,8.39591836734694,1.4317806518698037
598,8.761224489795932,0.12664576721714485,8.46530612244898,1.3664267387922648
599,8.761224489795932,0.12664576721714485,8.2265306122449,1.745272665340531
600,8.765306122448994,0.12703979181621194,8.434693877551023,1.1129673744139077
601,8.765306122448994,0.12703979181621194,8.273469387755105,1.56103640323608
602,8.765306122448994,0.12703979181621194,8.175510204081634,1.5826053625096805
603,8.765306122448994,0.12703979181621194,8.475510204081635,1.2243044077347909
604,8.767346938775523,0.12881415378007793,8.034693877551021,1.7507432823850355
605,8.767346938775523,0.12881415378007793,8.28979591836735,1.4923880161798235
606,8.765306122448994,0.12703979181621194,8.28979591836735,1.4011300252909293
607,8.765306122448994,0.12703979181621194,8.70204081632653,0.5607753304684278
608,8.767346938775523,0.12881415378007793,8.438775510204087,1.3544549106397998
609,8.767346938775523,0.12881415378007793,8.393877551020411,1.501257282326531
610,8.767346938775523,0.12881415378007793,8.35102040816327,1.2589306132770899
611,8.767346938775523,0.12881415378007793,8.383673469387759,1.3384643739997237
612,8.767346938775523,0.12881415378007793,8.37755102040817,1.4098998460919119
613,8.767346938775523,0.12881415378007793,8.285714285714286,1.7120977290746393
614,8.769387755102054,0.12730179733674077,8.579591836734698,1.1207482477057582
615,8.769387755102054,0.12730179733674077,8.277551020408167,1.6224990365785918
616,8.769387755102054,0.12730179733674077,8.404081632653067,1.4956218209840284
617,8.767346938775523,0.12881415378007793,8.269387755102041,1.5990105228635108
618,8.769387755102054,0.1305325011669178,8.587755102040822,0.789708902024997
619,8.771428571428585,0.12900800513697255,8.644897959183679,0.8476245072492091
620,8.773469387755116,0.1274325980877485,8.430612244897963,1.1521831585388198
621,8.775510204081646,0.12907255755789335,8.148979591836737,2.060568697455781
622,8.775510204081646,0.12907255755789335,8.516326530612245,1.2609718391682427
623,8.775510204081646,0.12907255755789335,8.306122448979592,1.691416948979059
624,8.773469387755116,0.1274325980877485,8.334693877551025,1.702515472404758
625,8.775510204081646,0.12907255755789335,8.357142857142861,1.6155674882337476
626,8.777551020408175,0.12412123428191844,8.342857142857145,1.4737124566316593
627,8.777551020408175,0.12412123428191844,8.38571428571429,1.4413697844331566
628,8.777551020408175,0.12412123428191844,8.453061224489801,1.256446931680077
629,8.777551020408175,0.12412123428191844,8.363265306122452,1.5566439407212216
630,8.779591836734708,0.12238093347399984,8.469387755102044,1.4612871950973922
631,8.781632653061239,0.12058098976916316,8.634693877551026,1.0916726941428128
632,8.78367346938777,0.11515702840543626,8.44489795918368,1.3999404997173461
633,8.785714285714299,0.11316873986132088,8.47346938775511,1.2713745197669732
634,8.785714285714299,0.11316873986132088,8.242857142857147,1.6400076695506403
635,8.785714285714299,0.11316873986132088,8.2265306122449,1.569889254020024
636,8.785714285714299,0.11316873986132088,8.444897959183677,1.4427229103625423
637,8.785714285714299,0.11316873986132088,8.548979591836739,1.040974377755615
638,8.785714285714299,0.11316873986132088,8.21632653061225,1.59800479513709
639,8.785714285714299,0.11316873986132088,8.467346938775512,1.043212527808097
640,8.785714285714299,0.11316873986132088,8.0265306122449,2.033057700893004
641,8.785714285714299,0.11316873986132088,8.208163265306132,1.6399276708179442
642,8.785714285714299,0.11316873986132088,8.228571428571433,1.7081717991643064
643,8.785714285714299,0.11316873986132088,8.548979591836737,1.2203655033155563
644,8.78775510204083,0.11479478457490035,8.340816326530616,1.3707405344051773
645,8.78775510204083,0.11479478457490035,8.502040816326534,1.2729263625068221
646,8.78775510204083,0.11479478457490035,8.436734693877554,1.5267215857843226
647,8.789795918367359,0.11636232889917128,8.561224489795924,0.787963914378285
648,8.789795918367359,0.11636232889917128,8.283673469387757,1.6431030364845631
649,8.791836734693891,0.11787370676076503,8.253061224489802,1.9219072853533752
650,8.79387755102042,0.11933105229423493,8.28775510204082,1.5789364774535428
651,8.795918367346951,0.12073632210407424,8.281632653061228,1.8228911409132909
652,8.795918367346951,0.12073632210407424,8.54897959183674,1.3159372941364367
653,8.795918367346951,0.12073632210407424,8.438775510204085,1.324920529942165
654,8.795918367346951,0.12073632210407424,8.306122448979597,1.6525572423974453
655,8.795918367346951,0.12073632210407424,8.577551020408167,0.9978965799820434
656,8.795918367346951,0.12073632210407424,8.36122448979592,1.459563244480941
657,8.797959183673482,0.11863095207619327,8.434693877551023,1.2514231798278361
658,8.797959183673482,0.11863095207619327,8.512244897959183,1.4748467190349186
659,8.797959183673482,0.11863095207619327,8.3,1.8235479009626732
660,8.797959183673482,0.11863095207619327,8.514285714285718,1.108477048069765
661,8.797959183673482,0.11863095207619327,8.434693877551023,1.4691198735406694
662,8.797959183673482,0.11863095207619327,8.240816326530618,1.6179902795669112
663,8.800000000000013,0.1199750078097888,8.328571428571436,1.51974235524393
664,8.802040816326542,0.12126983278976042,8.379591836734695,1.5073939657888473
665,8.802040816326542,0.12126983278976042,8.442857142857148,1.3615946625150925
666,8.804081632653073,0.11551813631089765,8.383673469387757,1.4984873672599208
667,8.806122448979604,0.11316873986132109,8.444897959183677,1.5230507099971498
668,8.808163265306135,0.11443139403164285,8.63061224489796,1.0391322910810472
669,8.810204081632664,0.1119848564760736,8.320408163265304,1.7186181890693712
670,8.810204081632664,0.1119848564760736,8.377551020408168,1.5212981917608706
671,8.812244897959197,0.1131871397866295,8.293877551020413,1.6279319495359337
672,8.812244897959197,0.1131871397866295,8.538775510204081,1.276030914121697
673,8.812244897959197,0.1131871397866295,8.428571428571432,1.5357736106244237
674,8.812244897959197,0.1131871397866295,8.004081632653063,2.1471443992475963
675,8.812244897959197,0.1131871397866295,8.29183673469388,1.6773610796685483
676,8.812244897959197,0.1131871397866295,8.300000000000002,1.5055236351770214
677,8.812244897959197,0.1131871397866295,8.65510204081633,0.9494052150639736
678,8.812244897959197,0.1131871397866295,8.538775510204085,0.9992583672228147
679,8.812244897959197,0.1131871397866295,8.348979591836736,1.4456976341243657
680,8.812244897959197,0.1131871397866295,8.091836734693882,1.9204016569323092
681,8.812244897959197,0.1131871397866295,8.446938775510207,1.3777838049724946
682,8.814285714285726,0.11434036594148168,8.455102040816332,1.4615023678320465
683,8.816326530612256,0.11544600509168178,8.373469387755103,1.5003692451260504
684,8.814285714285726,0.11434036594148168,8.404081632653062,1.3470562719315422
685,8.816326530612256,0.11178011377656508,8.440816326530614,1.3989702883032165
686,8.818367346938789,0.11287393313489723,8.208163265306123,1.840716771822633
687,8.824489795918378,0.11222634354993952,8.426530612244902,1.2969367684115558
688,8.82653061224491,0.1131687398613212,8.575510204081638,1.1329674136310606
689,8.82653061224491,0.1131687398613212,8.41428571428572,1.4910129219854864
690,8.82653061224491,0.1131687398613212,8.577551020408162,1.2562065821722463
691,8.82653061224491,0.1131687398613212,8.265306122448987,1.7769171062073668
692,8.82448979591838,0.11222634354993961,8.224489795918368,1.8698822980105356
693,8.82653061224491,0.1131687398613212,8.4530612244898,1.272586035857258
694,8.82653061224491,0.1131687398613212,8.44285714285715,1.2559413155431656
695,8.82653061224491,0.1131687398613212,8.132653061224495,1.8618185142287733
696,8.83061224489797,0.11492169979837688,8.165306122448984,1.805746530693387
697,8.82857142857144,0.11406684581618119,8.302040816326532,1.8081402311150891
698,8.82857142857144,0.11406684581618119,8.43061224489796,1.426440101067174
699,8.83061224489797,0.11492169979837688,7.989795918367349,1.9093088343445894
700,8.83061224489797,0.11492169979837688,8.42448979591837,1.3635585655492146
701,8.83061224489797,0.11492169979837688,8.459183673469392,1.2950342476644803
702,8.83061224489797,0.11492169979837688,8.663265306122451,1.2280136370217436
703,8.8326530612245,0.11573426023475837,8.606122448979596,0.969787243141299
704,8.8326530612245,0.11573426023475837,8.191836734693881,1.826734682477617
705,8.83469387755103,0.11650541205054833,8.416326530612245,1.5784681970915635
706,8.83469387755103,0.11650541205054833,8.41632653061225,1.3292342933987176
707,8.836734693877561,0.11362784413938885,8.63061224489796,0.9724634343744423
708,8.836734693877561,0.11362784413938885,8.34081632653062,1.640962273943693
709,8.836734693877561,0.11362784413938885,8.646938775510204,1.1810861941806508
710,8.836734693877561,0.11362784413938885,8.414285714285715,1.4682123983994373
711,8.836734693877561,0.11362784413938885,8.40408163265307,1.2575072358227628
712,8.836734693877561,0.11362784413938885,8.39183673469388,1.538423605081316
713,8.836734693877561,0.11362784413938885,8.534693877551025,1.3791389185290284
714,8.836734693877561,0.11362784413938885,8.732653061224497,0.5979940088765341
715,8.836734693877561,0.11362784413938885,8.557142857142862,1.207451182871207
716,8.836734693877561,0.11362784413938885,8.365306122448985,1.6215168674023421
717,8.836734693877561,0.11362784413938885,8.469387755102046,1.4284256485385405
718,8.836734693877561,0.11362784413938885,8.267346938775512,1.8156373377157284
719,8.836734693877561,0.11362784413938885,8.43265306122449,1.568345770170117
720,8.836734693877561,0.11362784413938885,8.41632653061225,1.6876255410133343
721,8.836734693877561,0.11362784413938885,8.304081632653062,1.8099394694202988
722,8.836734693877561,0.11362784413938885,8.375510204081639,1.7157234010288442
723,8.838775510204092,0.11434036594148178,8.35510204081633,1.5920512675949112
724,8.838775510204092,0.11434036594148178,8.29591836734694,1.6137618799710869
725,8.842857142857154,0.11564425768577358,8.202040816326532,1.905011038129067
726,8.842857142857154,0.11564425768577358,8.355102040816334,1.566469780061226
727,8.844897959183683,0.11623698666039366,8.35714285714286,1.4184407556983385
728,8.844897959183683,0.11623698666039366,8.19795918367347,1.89742257061921
729,8.844897959183683,0.11623698666039364,8.400000000000004,1.6016755075504152
730,8.846938775510214,0.11679105247203748,8.244897959183675,1.9177159119728175
731,8.848979591836745,0.11730700296489799,8.410204081632658,1.4242778042362911
732,8.848979591836745,0.11730700296489799,8.369387755102043,1.6101756289356532
733,8.848979591836745,0.11730700296489799,8.310204081632657,1.7938485289379966
734,8.848979591836745,0.11730700296489799,8.78979591836735,0.6331499036561501
735,8.851020408163274,0.11778533902455642,8.265306122448983,1.694123414662174
736,8.851020408163274,0.11778533902455642,8.63877551020409,1.118566569474383
737,8.851020408163274,0.11778533902455642,8.344897959183676,1.5299032371478274
738,8.855102040816334,0.11863095207619352,8.453061224489797,1.555091327832831
739,8.855102040816334,0.11863095207619352,8.261224489795925,1.8348017039436906
740,8.855102040816334,0.11863095207619352,8.269387755102043,2.008412129925484
741,8.855102040816334,0.11863095207619352,8.72040816326531,0.7514279063061722
742,8.855102040816334,0.11863095207619352,8.467346938775513,1.4836313611631224
743,8.855102040816334,0.11863095207619352,8.53877551020408,1.0332739925547967
744,8.855102040816334,0.11863095207619352,8.577551020408169,1.3767435275042268
745,8.859183673469396,0.11933105229423507,8.326530612244904,1.6206189139666787
746,8.857142857142867,0.11899901826214968,8.53061224489796,1.2784048786421092
747,8.857142857142867,0.11899901826214968,8.62040816326531,1.2306376279238234
748,8.857142857142867,0.11899901826214968,8.473469387755108,1.5430730871445744
749,8.859183673469396,0.11933105229423507,8.442857142857143,1.4322561808548209
750,8.859183673469396,0.11933105229423507,8.271428571428576,1.8831891831080745
751,8.859183673469396,0.11933105229423507,8.377551020408168,1.8379531106146283
752,8.859183673469396,0.11933105229423507,8.463265306122448,1.596397182725708
753,8.859183673469396,0.11933105229423507,8.455102040816328,1.556985040281422
754,8.859183673469396,0.11933105229423507,8.555102040816331,1.136527662237222
755,8.861224489795926,0.11962735420206466,8.534693877551025,1.4400067101514267
756,8.861224489795926,0.11962735420206466,8.52448979591837,1.3895111938259428
757,8.861224489795926,0.11962735420206466,8.114285714285717,1.976985450179323
758,8.861224489795926,0.11962735420206466,8.548979591836737,1.34535930893477
759,8.861224489795926,0.11962735420206466,8.706122448979599,1.0221291609467187
760,8.861224489795926,0.11962735420206466,8.508163265306127,1.0360816680280682
761,8.861224489795926,0.11962735420206466,8.471428571428577,1.5373985611068655
762,8.861224489795926,0.11962735420206466,8.481632653061224,1.3242743763686988
763,8.863265306122457,0.11988818892020084,8.632653061224497,1.0590637343125808
764,8.863265306122457,0.11988818892020084,8.422448979591842,1.3434881589179906
765,8.863265306122457,0.11988818892020084,8.569387755102046,1.4193565776590256
766,8.863265306122456,0.11988818892020085,8.524489795918372,1.516494071552725
767,8.867346938775517,0.11679105247203742,8.5265306122449,1.3259276494635113
768,8.869387755102048,0.11695141862771018,8.27551020408164,1.8059494901619604
769,8.869387755102048,0.11695141862771018,8.557142857142864,1.3358401742955541
770,8.871428571428577,0.1170759959939882,8.583673469387758,1.2510120850673618
771,8.871428571428577,0.1170759959939882,8.587755102040823,1.1849676246858056
772,8.871428571428577,0.1170759959939882,8.608163265306127,1.3311943136552378
773,8.871428571428577,0.1170759959939882,8.540816326530617,1.6062598805398014
774,8.871428571428577,0.1170759959939882,8.471428571428572,1.2314411531288563
775,8.871428571428577,0.1170759959939882,8.524489795918374,1.2606415005542284
776,8.873469387755108,0.11716489872985633,8.369387755102046,1.7274747744062473
777,8.87755102040817,0.1172359723783278,8.34489795918368,1.6508917484744945
778,8.875510204081639,0.11721820800632218,8.52244897959184,1.5318688719120281
779,8.87755102040817,0.11723597237832778,8.624489795918372,0.9425920645132229
780,8.881632653061232,0.11716489872985633,8.267346938775512,1.8672064182658448
781,8.88367346938776,0.11707599599398813,8.214285714285717,1.9558592117387372
782,8.88367346938776,0.11707599599398813,8.263265306122452,1.7670440896198822
783,8.88367346938776,0.11707599599398813,8.657142857142858,1.0446826946628889
784,8.885714285714293,0.11695141862771019,8.569387755102044,1.1539169661843005
785,8.885714285714293,0.11695141862771019,8.593877551020416,1.2131773367123082
786,8.885714285714293,0.11695141862771019,8.44285714285715,1.5854542376004415
787,8.887755102040822,0.11679105247203743,8.538775510204085,1.5474502412235724
788,8.887755102040822,0.11679105247203743,8.465306122448983,1.296675016131409
789,8.887755102040822,0.11679105247203743,8.253061224489802,1.763227512822489
790,8.889795918367353,0.11659474985376153,8.634693877551024,1.3372237771732156
791,8.889795918367353,0.11659474985376153,8.4,1.7687462057508943
792,8.889795918367353,0.11659474985376153,8.414285714285718,1.5667449417884654
793,8.889795918367353,0.11659474985376153,8.538775510204088,1.3069895081231628
794,8.889795918367353,0.11659474985376153,8.46122448979592,1.3724910850077159
795,8.891836734693884,0.11636232889917152,8.277551020408168,1.902084610164133
796,8.891836734693884,0.11636232889917152,8.44897959183674,1.3524931857780318
797,8.891836734693884,0.11636232889917152,8.518367346938781,1.1768345714230444
798,8.891836734693884,0.11636232889917152,8.106122448979594,1.96408400766647
799,8.891836734693884,0.11636232889917152,8.546938775510208,1.2862907680711193
800,8.891836734693884,0.11636232889917152,8.659183673469391,1.2242363683323945
801,8.893877551020415,0.11609357268022838,8.422448979591838,1.550175656099875
802,8.893877551020415,0.11609357268022838,8.52857142857143,1.310355067910348
803,8.893877551020415,0.11609357268022838,8.481632653061224,1.6067641277110736
804,8.893877551020415,0.11609357268022838,8.640816326530615,1.1100314991909774
805,8.893877551020415,0.11609357268022838,8.475510204081633,1.5111566218276198
806,8.893877551020415,0.11609357268022838,8.559183673469393,1.3465738528544107
807,8.893877551020415,0.11609357268022838,8.573469387755104,1.6555775758138584
808,8.893877551020415,0.11609357268022838,8.7265306122449,1.0967826182157336
809,8.893877551020415,0.11609357268022838,8.375510204081639,1.5659645264051114
810,8.893877551020415,0.11609357268022838,8.408163265306126,1.6819100226968577
811,8.893877551020415,0.11609357268022838,8.677551020408169,1.0991951165314464
812,8.893877551020415,0.11609357268022838,8.573469387755107,1.4255054562905762
813,8.893877551020415,0.11609357268022838,8.532653061224492,1.518645739235935
814,8.893877551020415,0.11609357268022838,8.708163265306125,1.0151107390714054
815,8.893877551020415,0.11609357268022838,8.518367346938778,1.5642880439829834
816,8.897959183673475,0.11544600509168194,8.593877551020412,1.1125331961128813
817,8.897959183673475,0.11544600509168194,8.234693877551027,1.8548707787868952
818,8.897959183673475,0.11544600509168194,8.567346938775515,1.236667338369238
819,8.897959183673475,0.11544600509168194,8.781632653061228,0.7874774809523638
820,8.900000000000006,0.11506657435926969,8.563265306122451,1.228876496126521
821,8.900000000000006,0.11506657435926969,8.534693877551025,1.2571759868414925
822,8.900000000000006,0.11506657435926969,8.597959183673474,1.1978931247649003
823,8.900000000000006,0.11506657435926969,8.608163265306125,1.0761818760030304
824,8.900000000000006,0.11506657435926969,8.43061224489796,1.5404297393122486
825,8.900000000000006,0.11506657435926969,8.275510204081634,1.8591321483036942
826,8.900000000000006,0.11506657435926969,8.240816326530615,1.9111414061721537
827,8.900000000000006,0.11506657435926969,8.512244897959185,1.4894590057956798
828,8.900000000000006,0.11506657435926969,8.379591836734699,1.4943514359338186
829,8.900000000000006,0.11506657435926969,8.428571428571434,1.6192048171556441
830,8.900000000000006,0.11506657435926969,8.381632653061228,1.7955136371405962
831,8.900000000000006,0.11506657435926969,8.51224489795919,1.451505415655921
832,8.900000000000006,0.11506657435926969,8.444897959183677,1.415032049739835
833,8.900000000000006,0.11506657435926969,8.638775510204084,1.0072850012381214
834,8.900000000000006,0.11506657435926969,8.504081632653065,1.4865928664860506
835,8.900000000000006,0.11506657435926969,8.546938775510204,1.4827285540565343
836,8.900000000000006,0.11506657435926969,8.310204081632657,1.7730642312148004
837,8.900000000000006,0.11506657435926969,8.512244897959185,1.398307717613041
838,8.900000000000006,0.11506657435926969,8.483673469387758,1.6229956722380048
839,8.900000000000006,0.11506657435926969,8.655102040816326,1.0245202857484261
840,8.900000000000006,0.11506657435926969,8.551020408163268,1.2723634653686808
841,8.900000000000006,0.11506657435926969,8.367346938775514,1.7467766470637276
842,8.900000000000006,0.11506657435926969,8.375510204081642,1.55743036370039
843,8.900000000000006,0.11506657435926969,8.516326530612252,1.423856651293206
844,8.900000000000006,0.11506657435926969,8.540816326530614,1.4984025924395514
845,8.900000000000006,0.11506657435926969,8.371428571428574,1.6200996981883469
846,8.900000000000006,0.11506657435926969,8.602040816326534,1.0711369865622575
847,8.902040816326537,0.11464956657296511,8.661224489795924,1.2706667223156252
848,8.902040816326537,0.11464956657296511,8.485714285714284,1.4486001227743261
849,8.904081632653067,0.1141945700696969,8.175510204081634,2.038124755696624
850,8.902040816326537,0.11464956657296511,8.624489795918372,1.1828357345142293
851,8.906122448979596,0.11370112879334046,8.506122448979596,1.6513924557472062
852,8.906122448979596,0.11370112879334046,8.402040816326537,1.5206629015470865
853,8.906122448979596,0.11370112879334046,8.434693877551023,1.6082500235584385
854,8.90816326530613,0.11316873986132131,8.514285714285721,1.2470974213518191
855,8.90816326530613,0.11316873986132131,8.583673469387758,1.4067783784522692
856,8.906122448979596,0.11370112879334046,8.512244897959185,1.432733005502499
857,8.906122448979596,0.11370112879334046,8.555102040816328,1.4299352090942492
858,8.90816326530613,0.11316873986132131,8.410204081632655,1.6396012863424327
859,8.90816326530613,0.11316873986132131,8.720408163265313,1.030098882044261
860,8.910204081632658,0.11259685080925556,8.524489795918367,1.5164940715527246
861,8.910204081632658,0.11259685080925556,8.236734693877555,1.833902578443575
862,8.910204081632658,0.11259685080925556,8.334693877551024,1.566443191826468
863,8.910204081632658,0.11259685080925556,8.587755102040818,1.1909278054948904
864,8.910204081632658,0.11259685080925556,8.510204081632654,1.5392950998475994
865,8.91224489795919,0.10820176442295215,8.481632653061224,1.534096714040542
866,8.914285714285722,0.10752603977403728,8.471428571428573,1.4330818010717672
867,8.914285714285722,0.10752603977403728,8.338775510204083,1.9216255440022478
868,8.914285714285722,0.10752603977403728,8.604081632653065,1.316831100890146
869,8.914285714285722,0.10752603977403728,8.314285714285717,1.840499542858851
870,8.91632653061225,0.10680705394391515,8.230612244897962,1.8991777961899785
871,8.914285714285722,0.10752603977403728,8.75714285714286,0.8802024491673499
872,8.91632653061225,0.10680705394391515,8.789795918367355,0.7000059498765403
873,8.91632653061225,0.10680705394391515,8.344897959183674,1.8191665482977766
874,8.91632653061225,0.10680705394391515,8.75918367346939,0.9225212180491774
875,8.91632653061225,0.10680705394391515,8.622448979591844,1.0707480832231024
876,8.91632653061225,0.10680705394391515,8.273469387755103,1.8822965759500812
877,8.91632653061225,0.10680705394391515,8.51836734693878,1.7007776842850262
878,8.91632653061225,0.10680705394391515,8.571428571428577,1.3213399229582568
879,8.91632653061225,0.10680705394391515,8.406122448979598,1.6315544773297626
880,8.918367346938782,0.10604392699401358,8.577551020408167,1.2814815327517757
881,8.91632653061225,0.10680705394391515,8.444897959183677,1.638453980199368
882,8.918367346938782,0.10604392699401358,8.848979591836738,0.4227200155877519
883,8.918367346938782,0.10604392699401358,8.69183673469388,1.278761570303848
884,8.91632653061225,0.10680705394391515,8.31224489795919,1.8910021715555987
885,8.918367346938782,0.10604392699401358,8.585714285714287,1.3541104682963854
886,8.918367346938782,0.10604392699401358,8.730612244897967,1.0440446132799834
887,8.920408163265312,0.10523569864778622,8.426530612244898,1.6398552876493353
888,8.924489795918372,0.10742916072042386,8.544897959183679,1.4587640327084084
889,8.922448979591843,0.10438132124526121,8.634693877551024,1.2426191923954237
890,8.924489795918372,0.10742916072042386,8.68163265306123,0.9978819718889141
891,8.926530612244905,0.1025294423435146,8.297959183673475,1.8637961109941548
892,8.926530612244905,0.1025294423435146,8.744897959183673,0.959997483684054
893,8.926530612244905,0.1025294423435146,8.404081632653064,1.7518669757931506
894,8.926530612244905,0.1025294423435146,8.526530612244905,1.4757741034786198
895,8.926530612244905,0.1025294423435146,8.602040816326534,1.1802819109946039
896,8.926530612244905,0.1025294423435146,8.604081632653067,1.2970732440446437
897,8.928571428571436,0.10152933031700258,8.606122448979598,1.1948992662813738
898,8.928571428571436,0.10152933031700258,8.636734693877557,1.2711779488959316
899,8.928571428571436,0.10152933031700258,8.561224489795922,1.3917634189799162
900,8.928571428571436,0.10152933031700258,8.377551020408168,1.7073169824710066
901,8.928571428571436,0.10152933031700258,8.793877551020413,0.8658907343587854
902,8.928571428571436,0.10152933031700258,8.514285714285716,1.5019298983003768
903,8.928571428571436,0.10152933031700258,8.489795918367351,1.3859532119469105
904,8.928571428571436,0.10152933031700258,8.542857142857143,1.4921759015889504
905,8.930612244897965,0.10047782551094889,8.646938775510208,1.1761389333339658
906,8.930612244897965,0.10047782551094889,8.316326530612248,1.9164938745911173
907,8.930612244897965,0.10047782551094889,8.836734693877554,1.0020803018115032
908,8.930612244897965,0.10047782551094889,8.671428571428574,1.1750193844936605
909,8.930612244897965,0.10047782551094889,8.246938775510207,1.9889522020754493
910,8.932653061224496,0.09937329652195857,8.534693877551023,1.3436509036714532
911,8.932653061224496,0.09937329652195857,8.58775510204082,1.2737310040012124
912,8.934693877551027,0.09821395441237583,8.54285714285715,1.4410591227468703
913,8.936734693877558,0.09260450044521233,8.669387755102044,1.0455992544547292
914,8.936734693877558,0.09260450044521233,8.62448979591837,1.342174629606688
915,8.936734693877558,0.09260450044521233,8.514285714285714,1.413647999464154
916,8.936734693877558,0.09260450044521233,8.55102040816327,1.3900041799067613
917,8.936734693877558,0.09260450044521233,8.504081632653063,1.1706016422825571
918,8.936734693877558,0.09260450044521233,8.746938775510205,1.047406109642905
919,8.936734693877558,0.09260450044521233,8.524489795918363,1.5760216469230919
920,8.938775510204088,0.09126808071427764,8.500000000000005,1.514988285226384
921,8.938775510204088,0.09126808071427764,8.47755102040817,1.6573187802467573
922,8.938775510204088,0.09126808071427764,8.548979591836739,1.418006120497227
923,8.938775510204088,0.09126808071427764,8.571428571428575,1.3623117770023379
924,8.94081632653062,0.08986546471960875,8.359183673469389,1.752470737548614
925,8.94081632653062,0.08986546471960875,8.46326530612245,1.5128093909107712
926,8.94081632653062,0.08986546471960875,8.5530612244898,1.5952592720117973
927,8.94081632653062,0.08986546471960875,8.489795918367353,1.5965393645394261
928,8.94081632653062,0.08986546471960875,8.575510204081633,1.2761157746148044
929,8.94081632653062,0.08986546471960875,8.595918367346943,1.243820209289203
930,8.94081632653062,0.08986546471960875,8.467346938775512,1.6452308874601447
931,8.94081632653062,0.08986546471960875,8.606122448979598,1.4631542951657182
932,8.94489795918368,0.08684866461613608,8.69387755102041,1.1263383450242148
933,8.94489795918368,0.08684866461613608,8.42857142857143,1.7783228952770984
934,8.94489795918368,0.08684866461613608,8.765306122448985,1.062156184419203
935,8.94489795918368,0.08684866461613608,8.679591836734698,1.2205566082676544
936,8.94489795918368,0.08684866461613608,8.679591836734696,0.9613328072771444
937,8.94489795918368,0.08684866461613608,8.644897959183675,1.0287495796480262
938,8.94489795918368,0.08684866461613608,8.42244897959184,1.6860786778167924
939,8.94489795918368,0.08684866461613608,8.65102040816327,1.1453671416680458
940,8.94489795918368,0.08684866461613608,8.671428571428574,1.2502377949574333
941,8.94489795918368,0.08684866461613608,8.52448979591837,1.5104398602488518
942,8.94489795918368,0.08684866461613608,8.497959183673471,1.7119809579839933
943,8.94693877551021,0.08998125585734185,8.67142857142857,1.0024937668649527
944,8.948979591836741,0.08352400787625007,8.622448979591836,1.3355657764995839
945,8.948979591836741,0.08352400787625007,8.718367346938779,1.2115231823993493
946,8.951020408163272,0.08173463018163635,8.642857142857148,1.4240087486686606
947,8.951020408163272,0.08173463018163635,8.622448979591834,1.3208276152995042
948,8.951020408163272,0.08173463018163635,8.39591836734694,1.8344702594649263
949,8.951020408163272,0.08173463018163635,8.42448979591837,1.668504331891098
950,8.951020408163272,0.08173463018163635,8.914285714285722,0.7156721238956311
951,8.951020408163272,0.08173463018163635,8.497959183673471,1.60162349952657
952,8.951020408163272,0.08173463018163635,8.657142857142855,1.1096412138570797
953,8.953061224489803,0.07985305121026111,8.726530612244904,1.1396163964373
954,8.953061224489803,0.07985305121026111,8.455102040816326,1.739430508038444
955,8.953061224489803,0.07985305121026111,8.534693877551021,1.3884692040261277
956,8.953061224489803,0.07985305121026111,8.595918367346945,1.3718415316057462
957,8.953061224489803,0.07985305121026111,8.585714285714284,1.500313725348459
958,8.953061224489803,0.07985305121026111,8.54081632653061,1.636061493189068
959,8.953061224489803,0.07985305121026111,8.797959183673472,0.7525577654488458
960,8.953061224489803,0.07985305121026111,8.579591836734695,1.5696836323091847
961,8.953061224489803,0.07985305121026111,8.526530612244903,1.2753322324817946
962,8.953061224489803,0.07985305121026111,8.526530612244903,1.4185009480463868
963,8.953061224489803,0.07985305121026111,8.304081632653064,1.9386025701600718
964,8.953061224489803,0.07985305121026111,8.39795918367347,1.9488193117126822
965,8.953061224489803,0.07985305121026111,8.475510204081637,1.5463018989454211
966,8.953061224489803,0.07985305121026111,8.153061224489797,2.1225225654433753
967,8.953061224489803,0.07985305121026111,8.683673469387754,1.1183133459329702
968,8.953061224489803,0.07985305121026111,8.585714285714294,1.3736543527089953
969,8.953061224489803,0.07985305121026111,8.46326530612245,1.6760694087826604
970,8.953061224489803,0.07985305121026111,8.212244897959186,2.1297206673136753
971,8.953061224489803,0.07985305121026111,8.432653061224494,1.7001065699012052
972,8.953061224489803,0.07985305121026111,8.56734693877551,1.409487694229098
973,8.953061224489803,0.07985305121026111,8.583673469387758,1.3416159514181172
974,8.953061224489803,0.07985305121026111,8.430612244897961,1.7486104437424064
975,8.953061224489803,0.07985305121026111,8.375510204081635,1.775139534378623
976,8.953061224489803,0.07985305121026111,8.648979591836737,1.2731095776358206
977,8.953061224489803,0.07985305121026111,8.373469387755105,1.8638486245205192
978,8.953061224489803,0.07985305121026111,8.522448979591838,1.4868912135894692
979,8.953061224489803,0.07985305121026111,8.677551020408165,1.208218421245128
980,8.953061224489803,0.07985305121026111,8.746938775510207,0.9889097653215663
981,8.953061224489803,0.07985305121026111,8.618367346938777,1.2038585057877522
982,8.955102040816334,0.07787258787077155,8.634693877551022,1.2382542695202015
983,8.953061224489803,0.07985305121026111,8.624489795918372,1.3837336691497726
984,8.955102040816334,0.07787258787077155,8.55714285714286,1.60545068024959
985,8.955102040816334,0.07787258787077155,8.404081632653067,1.7368246217634784
986,8.955102040816334,0.07787258787077155,8.475510204081635,1.7511714410864052
987,8.957142857142863,0.07578548827602956,8.420408163265307,1.7064007194219204
988,8.959183673469393,0.07358267909110222,8.457142857142863,1.6708092346352037
989,8.959183673469393,0.07358267909110222,8.740816326530618,0.9779131023861019
990,8.957142857142863,0.07578548827602957,8.473469387755106,1.4785654427281267
991,8.957142857142863,0.07578548827602957,8.58367346938776,1.3579696729504165
992,8.957142857142863,0.07578548827602957,8.479591836734693,1.737782364640485
993,8.957142857142863,0.07578548827602957,8.536734693877552,1.5547899949392467
994,8.961224489795924,0.07687676817076515,8.426530612244902,1.6989829625510473
995,8.961224489795924,0.07687676817076515,8.316326530612244,1.7883362674790797
996,8.961224489795924,0.07687676817076515,8.648979591836738,1.3419139420637376
997,8.961224489795924,0.07687676817076515,8.5530612244898,1.645382771517415
998,8.961224489795924,0.07687676817076515,8.738775510204084,1.181694334155522
999,8.961224489795924,0.07687676817076515,8.379591836734699,1.7776951135392633
